index,0,1,2,3,4,5,6,7,8,9,10,11,12,13,14,15,16,17,18,19,20,21,22,23,24,25,26,27,28,29,30,31,32,33,34,35,36,37,38,39,40,41,42,43,44,45,46,47,48,49,50,51,52,53,54,55,56,57,58,59,60,61,62,63,64,65,66,67,68,69,70,71,72,73,74,75,76,77,78,79,80,81,82,83,84,85,86,87,88,89,90,91,92,93,94,95,96,97,98,99,100,101,102,103,104,105,106,107,108,109,110,111,112,113,114,115,116,117,118,119,120,121,122,123,124,125,126,127,128,129,130,131,132,133,134,135,136,137,138,139,target
0,386,453,521,498,427,0.094214361,0.098565874,383,450,521,561,427,0.240471976,0.019976364,383,451,524,506,428,0.349044453,0.003845583,387,454,524,487,431,0.73139267,0.349388644,388,458,504,544,432,0.655366735,0.184813481,391,461,525,527,433,0.119879511,0.170611475,393,465,518,467,437,-0.174213306,0.189582765,398,472,536,550,438,-0.408558261,0.632250125,409,482,542,553,439,-0.432889603,0.890837214,464,517,561,498,451,-0.701846077,1.119514343,562,567,592,567,481,-0.342645507,1.34899522,641,634,612,639,546,-0.264033555,1.146634671,696,692,668,604,615,-0.128918085,1.113375643,723,737,708,660,677,-0.060732699,0.982883877,734,772,739,767,704,0.067423495,1.021823317,736,799,757,724,725,0.129110085,1.014112695,737,816,789,725,738,0.014251624,0.927437794,737,828,820,839,752,0.150370754,0.96481996,737,835,833,825,762,0.078817586,0.937304384,737,842,841,767,771,0.04816202,0.924710333,1
1,422,478,509,515,453,0.607496334,-0.175704156,423,481,522,475,456,0.216785299,-0.111613512,420,483,514,542,456,-0.196344651,0.248954315,425,490,554,551,455,-0.311126175,0.431110123,442,507,568,505,463,-0.478543081,0.490651565,490,530,589,584,469,-0.563617695,0.614250935,560,572,621,632,506,-0.729598095,1.003648493,608,621,662,594,559,-0.996154662,1.438172629,634,672,712,669,609,-0.992631719,1.377914685,659,716,754,773,653,-1.008519023,1.559982733,686,755,782,733,687,-0.56030657,1.351802022,706,789,800,756,708,-0.228984728,1.269692334,712,809,812,839,722,-0.200971499,1.127808316,714,821,824,813,735,-0.014146078,1.12243924,721,832,834,775,764,0.034402078,1.195204472,733,844,834,857,797,-0.115641898,1.041175823,735,849,841,847,813,-0.115580749,1.022933422,736,854,829,772,820,-0.029180772,1.065711048,735,854,851,842,824,-0.06127605,0.999290152,735,854,854,872,824,0.006684763,1.042808725,1
2,421,476,534,481,457,0.066171309,-0.124198689,432,477,537,534,459,0.076308632,-0.176613409,433,478,536,563,459,0.044009093,0.17383951,437,481,522,480,457,-0.373799671,0.31218352,439,482,539,514,462,-0.305555088,0.524551486,441,482,514,558,460,-0.529379889,0.568977722,446,483,538,507,459,-0.684138821,0.978046383,456,493,544,506,450,-0.447491569,1.185427152,480,502,505,555,457,-0.692969194,1.213848058,502,518,572,560,464,-0.712756638,1.332876542,532,534,586,522,466,-0.867692288,1.384390465,570,555,600,611,474,-1.673500303,1.767444579,605,582,611,614,485,-1.002017677,1.449971166,624,609,624,563,494,-0.649517947,1.469383456,638,635,638,619,493,-0.447345002,1.441205608,651,659,630,652,492,-0.508295162,1.330711253,665,689,638,588,498,-0.578613254,1.373672563,681,718,659,627,515,-0.501623597,1.307041167,690,748,702,723,553,-0.427949206,1.329980511,692,776,769,717,590,-0.479744124,1.263982911,1
3,459,481,558,577,459,-0.14456874,-0.12184865,463,480,559,570,459,-0.160701356,-0.016267757,464,480,560,510,461,-0.391449667,0.211468002,471,483,562,559,463,-0.432664037,0.367801483,472,484,559,589,463,-0.624426669,0.695735109,476,484,560,523,464,-0.428830088,0.874681445,481,487,563,540,465,-0.595256879,1.062769272,483,486,564,599,468,-0.254764441,1.011528282,482,488,565,549,467,-0.522853863,0.968749512,486,493,564,530,471,0.066840646,1.591548347,489,494,559,588,472,-1.550602919,1.713977909,498,498,575,576,478,-1.553131476,1.750611687,523,508,586,537,484,-0.819460961,1.734280574,554,527,605,610,503,-0.517354387,1.484993647,568,549,629,629,532,-0.301410969,1.546898004,590,588,655,599,560,-0.358303592,1.46936939,620,648,697,667,606,-0.34763859,1.494948152,654,709,734,741,664,-0.236631337,1.372036916,670,752,772,720,700,-0.259301968,1.362067627,668,778,797,755,715,-0.182993269,1.390530753,1
4,494,497,553,563,463,0.021408109,-0.252703865,492,497,559,572,462,0.014770567,-0.077085921,495,497,556,513,462,-0.332548628,0.106640359,497,497,558,548,466,-0.404885227,0.516921852,500,498,560,591,460,-0.216042695,0.225416754,518,498,504,494,449,-0.223030281,0.387598337,532,507,565,530,454,-0.451067126,0.629823055,535,513,588,612,478,-0.573925455,0.89582991,557,535,605,586,510,-0.589519152,1.400126769,582,576,652,593,571,-0.795993447,1.514728792,621,658,702,711,655,-0.357069181,1.507736997,669,754,768,748,736,-0.669037343,1.489095283,669,807,810,732,785,-0.612847685,1.49822364,700,829,824,815,801,-0.396226831,1.338431112,708,837,830,835,807,-0.327404412,1.366221101,710,842,837,775,812,-0.176937038,1.388848441,712,845,835,811,818,-0.104396636,1.331730703,713,848,843,869,821,-0.194136877,1.242157437,711,848,842,803,821,-0.17118182,1.253432578,710,849,843,810,824,-0.198341916,1.260575234,1
5,464,480,525,559,469,-0.117617856,-0.0136924,464,484,520,496,469,-0.013028011,-0.159840376,465,486,528,501,471,0.033650658,-0.039765418,466,485,523,558,472,-0.042346945,0.037800993,467,486,521,522,471,-0.106623845,0.168004629,470,487,525,482,472,-0.164673864,0.137790038,472,487,526,552,473,-0.017565557,0.222705954,475,485,547,553,474,0.035351236,0.43133107,482,485,529,487,467,-0.233567839,0.49344587,489,485,558,550,473,-0.394748852,0.698106127,515,493,549,569,473,-0.582601803,0.893710421,529,504,573,523,479,-0.5167027,1.104680653,546,520,597,569,499,-0.585964308,1.339862542,588,555,607,640,526,-0.369995317,1.264373149,621,608,635,592,561,-0.344221878,1.511413752,672,687,703,648,639,-0.689395194,1.56970197,710,765,770,783,724,-0.808156137,1.470736978,703,814,815,788,767,-0.666852297,1.438621573,720,837,824,759,798,-0.429979237,1.327209706,725,847,833,844,815,-0.158503288,1.3209832,1
6,457,461,529,482,440,0.114705402,0.013580999,442,456,530,547,438,0.041916562,-0.0272457,441,461,529,541,444,-0.044116567,0.007337718,440,469,534,486,445,-0.030091404,-0.090117456,444,460,532,527,453,0.078188443,0.200416004,441,464,514,550,452,-0.045061548,0.053104709,445,467,539,494,453,-0.204439137,0.25398914,448,467,540,516,454,-0.219375495,0.312304195,452,471,541,584,455,-0.079723631,0.420537597,455,471,540,527,453,0.023301164,0.673035566,460,473,494,471,457,-0.069367274,0.627938785,465,472,529,552,458,-0.347455034,0.844313713,468,477,537,536,462,-0.614846981,1.095647951,469,477,521,476,459,-0.866960338,1.405982096,478,476,549,560,462,-0.06832114,1.503013858,495,476,506,543,460,-0.291432476,1.496738241,522,482,549,493,462,-1.086093135,1.655099234,537,499,557,544,461,-0.533057056,1.464729484,561,521,581,600,451,-0.425177805,1.286070642,586,554,604,550,469,-0.297515159,1.316876512,1
7,447,475,542,545,464,-0.074489345,-0.235521479,447,472,542,555,462,-0.02109467,-0.118671668,449,465,508,469,472,0.073108513,-0.132218448,451,474,469,470,466,-0.118132369,-0.033197404,455,476,545,556,469,-0.2649477,0.123452938,457,478,548,511,469,-0.323545668,0.122806146,463,481,541,517,472,-0.747593102,0.911244355,468,481,534,570,471,-0.765603179,1.006892006,470,482,543,531,471,-0.774121606,1.146794458,470,485,547,507,472,-1.447501003,1.647796529,472,486,550,573,472,-2.069180112,1.886331902,472,486,550,556,474,-2.569409714,1.9790911,475,487,555,504,474,-0.452375604,1.440643388,476,488,558,564,478,-1.373256382,1.670115743,477,488,557,572,475,-1.672808533,1.753750985,473,489,558,515,478,-0.809802798,1.469111052,479,490,560,543,475,-0.532329666,1.388935704,479,489,560,591,475,-0.622291566,1.427302326,480,486,559,532,476,-0.583537968,1.428913576,487,490,556,536,476,-0.53699011,1.266951269,1
8,421,458,528,490,448,-0.174407263,-0.005485097,419,457,510,543,448,0.059416411,-0.153302639,419,458,503,514,450,0.005938682,-0.119662843,420,458,533,481,451,-0.006735455,0.020357167,421,461,533,550,451,-0.069526516,-0.006791293,423,459,535,545,453,-0.122581818,-0.047558549,422,460,535,485,453,-0.199614609,0.280035358,430,464,538,533,454,0.22058251,-0.004356478,428,463,537,566,454,0.1759678,0.223325671,430,465,538,497,455,-0.135378968,0.420644456,437,467,539,516,456,-0.403950383,0.462505305,448,468,541,579,457,-0.377061761,0.671869818,455,475,535,520,457,-0.429430857,1.095724958,461,476,525,503,459,-0.826826703,1.459478543,474,478,541,571,460,-0.398887062,1.435656979,492,481,547,550,457,-0.299452684,1.347905384,505,490,558,503,461,-0.195500958,1.304645718,544,511,583,594,466,-0.206256481,1.416112662,583,545,615,614,503,-0.253327867,1.430896199,608,615,664,591,570,-0.149641771,1.248204062,1
9,382,468,534,568,444,-0.46819841,0.174070741,401,459,530,488,450,-0.285735327,-0.032485241,412,458,500,470,457,-0.04372214,-0.218616453,421,451,525,556,459,0.133012839,-0.0716351,417,448,526,501,458,0.121526196,-0.153624349,418,447,506,485,462,0.044361431,-0.013339443,426,450,501,543,462,-0.388054125,0.154424791,422,452,477,490,462,-0.560007609,0.57833004,426,451,515,458,465,-0.151999296,0.290122283,432,456,522,539,468,0.330292681,0.817278296,439,465,530,536,466,-0.204597924,0.815844104,444,468,535,482,467,-0.185368467,1.46305113,449,472,546,539,472,-0.191869024,1.180818528,453,473,543,566,470,-0.111485606,1.259566648,457,476,483,466,467,0.058520393,1.251735683,462,478,540,512,465,0.126148096,1.147514918,466,480,550,580,460,0.132794624,1.112742775,491,489,562,532,456,0.114439005,1.054077446,532,513,572,537,466,0.073584323,1.090929067,575,542,604,628,486,0.024524746,1.065425549,1
10,455,478,550,538,446,-0.334495915,-0.04105957,459,471,539,554,451,-0.542041627,-0.057916275,462,473,554,510,453,-0.73137441,0.230620652,469,477,558,538,456,-1.207127314,0.887392655,480,483,562,589,458,-1.36127139,1.224764121,487,488,569,538,465,-1.144990414,1.050301472,483,500,582,552,481,-1.49112649,1.551750568,516,517,610,634,506,-2.389878146,2.071430926,548,543,630,615,535,-2.108154148,1.882679543,577,590,667,610,578,-0.715870549,1.374061963,625,659,702,715,644,0.42460563,1.567645479,650,706,740,729,690,-0.151529831,1.407795439,641,730,743,685,717,-0.372303539,1.281222223,644,750,775,763,732,-0.212633067,1.399779949,671,772,795,798,752,-0.211691482,1.213425376,689,791,799,745,764,-0.165268798,1.298819174,692,803,811,783,774,-0.214397703,1.19359641,689,811,806,834,788,-0.182645441,1.204500778,691,821,792,766,792,-0.213631405,1.182554729,692,828,831,791,797,-0.240225678,1.233424381,1
11,444,475,512,493,451,-0.053871175,-0.169211799,449,477,512,482,452,-0.041146458,-0.154462627,455,478,530,549,454,-0.160594487,-0.192950602,462,475,533,533,453,-0.252641186,-0.145106019,474,476,550,501,453,-0.30408679,0.474333303,493,476,555,567,453,-0.708028539,0.344378918,484,487,564,566,456,-0.814742794,0.580702511,501,503,568,524,465,-1.38543619,1.419214818,544,532,589,576,490,-1.574266882,1.647609434,590,564,545,589,526,-1.766741143,1.786281008,629,634,675,600,571,-1.309231466,1.633184698,670,711,720,670,630,-1.375601883,1.626859645,681,757,766,780,672,-1.188750702,1.586399488,646,788,784,758,729,-0.798365497,1.458646623,689,794,787,746,754,-0.603682994,1.340042189,692,800,794,824,768,-0.431979787,1.303936364,689,803,795,799,778,-0.37681527,1.285375078,684,807,798,740,785,-0.464176039,1.242241006,682,813,788,809,790,-0.39073325,1.233424622,683,816,820,819,795,-0.327338207,1.209180014,1
12,471,484,531,558,447,0.030821429,-0.194674217,474,486,533,503,446,-0.147015108,-0.176620924,489,488,533,510,444,-0.324082454,0.090634078,510,486,510,554,447,-0.374829926,0.494593334,494,498,544,533,469,-0.295521848,0.39811364,499,509,570,522,491,-0.398763176,0.921226963,524,527,596,608,517,-0.795435393,1.364884249,563,556,625,618,545,-0.494912561,1.160597962,603,608,657,590,573,-0.566576787,1.48819701,637,658,687,678,611,-0.345510673,1.407055917,657,702,715,718,637,-0.15502862,1.474233726,644,736,744,681,671,0.264905271,1.575231,646,759,718,700,697,0.014405343,1.247965937,685,789,780,794,745,0.320101106,1.418642105,689,809,789,747,775,0.098182637,1.249151361,689,820,822,779,790,0.191318797,1.325203307,690,826,823,848,796,0.11645247,1.239671937,690,831,828,814,801,0.223738991,1.252803002,688,835,832,785,803,0.216228363,1.213626449,688,835,835,851,803,0.242185075,1.228372503,1
13,487,499,549,502,449,-0.034791984,-0.209659495,500,497,540,538,454,-0.044298657,-0.061236207,502,502,544,566,454,-0.137832151,-0.057209154,501,507,546,509,452,-0.253987685,0.039512002,503,507,546,523,454,-0.387238338,0.357320093,503,509,566,592,443,-0.321623938,0.298923215,508,509,570,549,445,-0.076001441,0.425645763,534,514,577,543,454,-0.210026736,0.55412476,549,520,586,607,458,-0.374594877,0.520925733,539,520,574,579,473,-0.57457531,1.239420472,548,535,596,545,502,-0.114985395,1.709182538,567,550,628,633,527,-0.701177208,1.692409217,592,586,649,649,551,-1.224298393,1.708240452,615,639,680,615,582,-1.274556034,1.775228485,644,705,693,666,622,-0.335089754,1.460732658,650,752,726,731,666,0.002304432,1.521721199,648,772,782,715,715,0.118539908,1.357633603,687,795,794,757,763,0.391757476,1.432308622,695,812,802,834,785,0.251594393,1.39763359,698,823,809,783,796,0.090758004,1.289398209,1
14,502,499,535,494,456,0.013351087,-0.169994511,513,497,550,528,463,-0.181723185,-0.160508547,522,499,571,590,462,0.001946453,-0.032429606,535,511,588,553,483,-0.280473331,-0.047052538,560,529,610,576,510,-0.295663876,0.114623231,578,579,637,664,560,-0.249856197,0.267803876,639,650,680,657,600,-0.469118222,0.739019149,683,722,737,669,645,-0.368682275,0.966568526,685,770,776,786,686,-0.639519725,1.382165779,700,805,744,750,752,-0.506258521,1.231266752,698,810,807,726,786,0.037979329,1.260079691,696,815,810,808,795,0.281689619,1.366567177,692,815,812,825,800,0.614451954,1.394563864,691,817,813,756,805,0.045448404,1.333669937,692,821,826,798,808,-0.247575189,1.365630405,693,824,829,862,811,-0.475958192,1.422160461,694,829,831,791,815,-0.335276236,1.332613705,691,832,839,804,818,-0.144224924,1.355895921,690,836,846,881,822,0.02067662,1.357036055,688,838,850,835,825,-0.027732079,1.334263988,1
15,467,483,514,530,445,-0.150788166,-0.154734969,464,480,559,505,446,-0.170887771,-0.315868004,458,485,523,530,449,0.05694551,-0.448574721,457,483,563,579,452,0.011355424,-0.189051383,460,486,552,520,452,-0.162533876,-0.291650665,466,488,554,535,455,-0.328633062,-0.147200643,469,489,571,597,457,-0.213855076,-0.020536724,474,490,572,555,453,-0.357139774,0.113327489,479,496,556,529,451,-0.480373401,0.398624792,488,496,568,590,446,-0.448928223,0.477994629,508,500,570,574,464,-0.589187054,0.88391571,515,508,579,536,477,-0.614001326,1.145306171,533,523,602,605,507,-1.103289468,1.601131178,556,558,630,628,543,-0.93964523,1.404918025,616,622,665,610,578,-0.877366007,1.513843233,684,693,717,687,628,-0.456436296,1.502227515,693,733,769,768,678,-0.124383278,1.47163993,709,748,783,737,707,0.050723126,1.518534268,649,769,793,759,720,0.014731627,1.272714344,670,780,793,827,755,0.399535762,1.328966406,1
16,509,504,573,532,471,0.10848929,-0.221670097,508,511,580,592,477,0.057689221,-0.207002998,506,515,584,589,484,-0.01361164,-0.148486446,521,529,601,546,496,-0.145939372,-0.13997459,544,541,611,603,510,-0.364972995,-0.037531857,556,548,624,639,530,-0.540770237,0.236688749,560,560,642,592,547,-0.51798169,0.253795362,564,575,663,633,577,-0.762586278,0.643471062,564,602,686,711,604,-0.883085806,1.168502338,565,635,712,675,631,-1.190840944,1.57734153,583,674,747,700,664,-2.199838249,1.846064524,613,717,770,791,695,3.542112404,2.202077044,641,748,784,776,717,0.714339763,1.652779941,653,771,796,739,749,1.499602053,1.747168955,665,798,809,822,766,0.57268691,1.57676312,678,816,817,823,799,0.52263032,1.488327323,673,818,822,758,810,0.752380267,1.536475228,678,825,836,828,814,0.353824312,1.348660956,677,833,845,861,817,0.509666114,1.388799813,676,836,847,795,820,0.444168918,1.236430354,1
17,602,556,634,652,563,-0.074466045,0.176414368,647,611,666,612,610,-0.142645386,0.130665769,702,681,704,666,668,-0.033779594,0.221415877,707,769,781,796,729,-0.200485652,0.047787507,725,824,820,774,781,-0.205583093,0.118447926,730,842,826,776,815,-0.129857469,0.046597996,733,850,835,869,826,-0.206355049,0.104860843,733,854,837,838,830,-0.513076724,0.797566167,734,856,841,778,832,-0.545081158,1.164806073,736,856,851,868,834,-0.633304825,1.523805217,735,857,855,860,835,2.676934994,1.90241943,734,857,843,788,831,-3.500587908,1.902496529,733,856,852,848,834,1.148106311,1.780338746,733,859,854,882,833,0.845094498,1.686582215,732,857,849,796,832,0.414908793,1.492385928,731,857,849,821,830,0.487487243,1.463705298,729,858,848,894,831,0.344738189,1.377716517,728,857,847,819,827,0.436656598,1.376633781,728,856,849,807,826,0.297824181,1.365146716,725,858,847,885,823,0.351845701,1.381924247,1
18,409,530,562,592,443,-0.046540806,-0.002781259,391,510,538,566,431,0.184759781,-0.368866624,395,497,534,494,445,0.326169843,-0.264895723,426,477,524,524,446,0.360165141,-0.313229991,426,470,518,556,444,0.248709846,-0.358182186,414,469,519,488,450,0.169048019,-0.287880305,404,472,521,499,454,0.064927687,-0.221957847,401,470,511,554,466,-0.100023087,-0.196624342,403,471,524,512,459,-0.688437915,0.422744075,405,471,525,490,462,-0.674591695,0.216662959,409,474,525,556,463,-0.663404501,0.603044597,415,476,527,532,464,-1.005563988,1.456480831,420,478,533,481,466,-2.185684209,1.892382512,422,479,532,546,469,-1.840331312,1.805574567,431,482,533,547,467,-2.436730947,1.83702922,440,481,534,484,471,0.140797184,1.771320167,451,486,537,526,469,0.208152728,1.564339143,474,487,539,570,470,0.815898773,1.665553122,492,489,544,504,469,0.119587515,1.44912328,494,495,555,527,466,0.216133174,1.432231534,1
19,416,478,539,499,468,-0.066513642,-0.139781146,430,479,542,565,470,-0.046469169,-0.141094932,422,480,542,547,470,0.008284629,-0.214399562,425,479,543,495,469,0.089229436,-0.242955676,427,481,548,552,474,0.060666735,-0.216319055,427,486,545,561,472,-0.105402491,-0.078435559,429,484,544,498,474,-0.191726215,-0.151090669,429,484,546,528,470,-0.336800014,0.06989871,430,485,546,577,474,-0.393067182,0.133236476,429,487,546,515,473,-0.467880884,0.118900904,434,488,547,523,475,-0.665374789,0.367487894,440,477,551,582,478,-1.193761673,1.2737618,447,489,547,540,476,-2.338846584,1.935101074,463,493,550,513,472,-2.073987,1.813082014,475,494,550,578,475,3.519907757,1.885963085,485,493,553,559,476,0.506416768,1.60706064,489,500,562,510,474,0.42321127,1.56667265,509,510,575,583,476,0.030266572,1.450047676,543,532,596,606,489,-0.082999319,1.345521107,586,568,622,560,521,0.036847175,1.332678962,1
20,446,484,538,539,448,0.119366479,-0.232065404,436,478,540,499,452,0.267844411,-0.312088168,424,478,541,558,454,0.165209344,-0.356812851,417,479,541,546,456,0.000351818,-0.297695675,416,480,542,498,461,-0.131737321,-0.172133316,420,478,549,547,466,-0.068747778,-0.051326719,422,483,547,565,460,-0.166178742,0.009051981,426,484,547,506,461,-0.185879747,0.350971349,431,488,546,531,462,-0.2092197,0.286042823,435,488,549,581,462,-0.237703462,0.692151812,434,487,549,525,459,-3.120787341,2.729460591,439,489,550,526,462,3.374535219,2.154020919,442,490,553,584,462,-1.813023057,1.800253391,444,490,552,547,461,3.563982427,2.152032509,446,492,554,510,465,2.425555705,1.865970814,449,492,556,577,466,0.506952754,1.629258996,450,493,556,561,465,0.121612331,1.412009213,438,495,556,506,477,0.019589661,1.433656888,453,493,558,556,478,-0.009638755,1.364290028,457,495,556,574,469,0.205283715,1.396842796,1
21,507,507,573,540,465,0.193538703,-0.232800968,514,510,575,560,467,0.058624307,-0.337029625,513,514,578,608,463,-0.091291087,0.067316979,525,522,586,563,476,-0.227704231,-0.03456332,565,537,608,573,505,-0.376683843,0.133671625,599,576,635,662,557,-0.655005094,0.146215817,631,632,676,664,615,-0.692659421,0.47373489,677,728,741,665,676,-0.675136816,0.975779018,703,788,795,790,719,-1.071874707,1.541762498,703,817,808,806,767,-3.145240162,1.956858801,700,831,819,755,796,0.895806087,1.723003,697,836,827,821,811,0.306362743,1.703069504,701,843,833,856,819,0.981914549,1.73169813,701,844,841,786,822,0.44860296,1.57226226,701,847,803,795,824,0.38973651,1.382398264,703,849,814,863,826,0.702376127,1.450995269,698,849,848,807,825,0.693417081,1.4014481,694,848,854,813,829,0.5156864,1.355089582,692,848,855,890,830,0.497594127,1.339695716,693,849,855,851,830,0.553028011,1.323282059,1
22,447,472,547,552,464,-0.02624213,-0.047591831,443,475,547,503,472,0.022520316,-0.253239162,440,475,546,548,469,0.021179023,-0.313627913,438,477,550,573,470,0.057895081,-0.285587182,433,478,552,517,472,0.057811342,-0.298818741,436,480,553,535,473,-0.081950086,-0.227509861,437,484,557,579,476,-0.21807917,-0.121471947,443,483,555,535,476,-0.358551127,-0.174429841,446,484,558,526,477,-0.134196475,0.352293294,450,484,560,585,478,-0.291464413,0.099782572,451,485,559,561,476,-0.496288539,0.458066074,454,487,560,519,477,-1.502299364,1.657283399,459,489,561,575,474,-1.416382321,1.590823624,458,488,563,570,475,-1.442674196,1.693796333,461,485,561,518,475,-2.602298937,1.893946232,468,487,564,559,478,-0.457251307,1.607503799,478,484,563,582,478,0.875662225,1.717974392,489,490,566,529,478,0.714034163,1.631703149,491,501,575,555,488,0.223438114,1.453585805,521,525,592,619,516,0.343887309,1.482292867,1
23,443,508,570,550,494,0.22914898,0.117116997,423,493,566,597,493,0.192298,-0.147054399,396,476,554,542,484,-0.014133173,-0.210719357,382,475,551,523,483,-0.114580686,-0.092066123,391,475,551,582,483,-0.038123908,-0.030417541,385,475,551,554,486,-0.15845573,0.021154227,391,475,551,507,491,-0.446959626,0.145614162,397,474,545,560,493,-0.028228683,0.369941155,394,475,544,553,492,-0.090056952,0.378000072,396,478,522,480,492,-0.382207222,0.742960428,405,480,529,527,494,-0.983387578,1.376506815,405,482,494,531,496,-0.567595794,1.275255001,406,482,531,488,496,1.568769595,1.784340258,406,484,553,523,496,2.646413913,1.95215956,405,485,551,581,497,1.055873519,1.734620918,401,484,559,533,500,2.097520404,1.842245419,409,490,563,532,504,0.612845404,1.660256543,442,501,577,610,507,1.138373578,1.707090389,502,533,600,596,528,0.382678474,1.493521652,550,585,639,574,576,0.592690252,1.507606627,1
24,458,487,537,497,478,0.098687637,-0.1370802,459,488,521,556,479,0.17499252,-0.192355106,462,489,495,514,482,0.258527763,-0.228161955,466,491,501,460,482,0.137162371,-0.199962796,472,490,509,524,484,0.060541363,-0.142440041,473,493,525,533,484,0.010942347,0.014050833,476,493,529,475,484,-0.462472645,-0.007316095,479,493,552,526,489,-0.148757823,0.716817088,484,493,541,570,487,0.113875962,0.402177963,488,495,544,507,486,-0.042479112,0.651591826,492,496,557,530,487,-0.630662626,1.092041645,496,498,557,592,486,-1.218252926,1.687414518,500,495,559,544,485,-0.847909916,1.631898812,501,498,560,523,488,0.241577735,1.632540582,506,498,556,587,488,0.690375519,1.551575224,514,500,560,564,491,0.912059073,1.540990323,520,502,567,517,496,0.768060456,1.508670127,517,514,589,596,520,0.655425114,1.405173294,544,538,619,619,561,0.556640722,1.320073855,564,574,650,588,606,0.557103741,1.280979545,1
25,471,492,549,581,483,0.190696418,-0.295751785,468,494,552,543,484,0.043306411,-0.141181214,472,495,554,511,487,0.110298966,-0.193375599,476,498,552,575,487,0.044058329,-0.104207849,477,496,557,562,487,-0.11076449,-0.133564769,481,499,558,508,485,-0.316993358,-0.172862702,481,499,558,560,490,-0.031227236,0.206762104,482,498,558,576,490,-0.121083089,-0.010776141,485,500,559,507,489,-0.111539471,0.119410446,487,500,560,539,493,-0.236838053,0.215158959,495,499,559,591,491,-0.396286989,0.808080788,508,499,561,532,488,-0.422093926,1.000275461,519,507,566,539,489,-0.077114707,1.217280841,507,511,571,601,489,0.059613904,1.374712765,520,523,590,576,498,0.355416413,1.417831402,548,547,612,559,519,0.372660693,1.357872177,568,583,640,656,550,0.376838758,1.348803154,642,654,680,671,581,0.259538093,1.263902866,699,765,750,667,646,0.362237886,1.267591962,705,831,811,789,741,0.533885381,1.249714028,1
26,457,468,543,555,481,0.223892545,-0.389247592,463,469,543,550,478,0.214923597,-0.408619488,466,471,545,498,482,0.091257683,-0.20958689,470,475,546,538,480,-0.021254885,-0.193022605,473,476,550,573,481,-0.116626058,0.262743973,477,474,551,514,480,-0.225565336,-0.104929182,484,479,547,527,480,-0.162514684,0.118241242,491,485,552,584,484,-0.151583888,0.221360073,520,480,557,541,479,-0.260157243,0.283181609,556,496,566,528,485,-0.255467394,0.551080655,568,519,595,613,520,-0.071807854,0.950551865,599,556,617,614,561,-0.582414428,1.341384887,644,625,667,600,608,3.206189162,1.992143679,699,710,724,714,668,0.557290258,1.493628124,682,777,772,760,708,0.395541133,1.279319977,696,802,775,711,754,0.536701133,1.21894641,701,827,832,801,793,0.477029469,1.196272165,701,839,831,855,811,0.480973815,1.204946786,702,846,849,792,821,0.429749625,1.197414402,705,849,853,817,826,0.423613174,1.197902158,1
27,419,478,542,506,471,-0.058781445,0.056349856,410,478,530,552,469,-0.221493241,-0.169828266,402,473,539,544,468,-0.25816481,-0.042188304,388,475,540,495,469,-0.290707648,-0.277270526,387,480,545,542,471,0.127613294,-0.305999236,387,480,548,565,475,-0.032959687,-0.336314009,388,478,548,507,474,-0.128120481,-0.204701443,392,479,530,517,477,-0.114510699,-0.205241083,395,480,534,563,478,-0.146036802,-0.190631733,402,480,534,509,477,-0.165882119,-0.1279271,409,484,540,511,483,-0.810836914,0.078173356,414,485,554,577,481,-0.522307517,0.472817487,417,488,557,552,480,-1.715162268,1.690996569,421,489,558,517,482,-2.073240723,1.89595461,425,494,560,575,483,-0.740866719,1.522895434,430,490,562,567,482,1.86750657,1.805392106,435,492,566,522,485,1.510333935,1.727912244,436,492,562,563,483,0.901976558,1.53121256,441,493,564,581,484,0.84529311,1.542577958,444,493,564,525,484,0.517540855,1.364823381,1
28,482,500,569,568,483,-0.302383426,-0.079348851,489,499,572,582,483,-0.372607506,-0.105719169,496,499,574,539,482,-0.249078079,-0.023987657,506,503,576,559,487,-0.310846975,0.048091075,508,508,579,602,489,-0.593221614,0.191599367,506,511,582,555,491,-0.588495174,0.329516983,507,512,584,559,492,-0.667178685,0.122858498,508,512,587,608,493,-0.560250428,0.14519606,507,511,585,578,490,-0.561041003,0.361869825,504,514,586,548,491,-2.925088736,2.918622598,501,515,588,610,500,-0.422849359,1.232839069,504,518,602,606,513,3.091641472,1.936986781,522,533,613,566,529,2.561121807,2.142676065,551,552,625,623,554,1.046035759,1.528909901,560,586,656,663,592,1.51492949,1.670972814,590,646,681,627,639,0.835076368,1.426899196,629,721,738,697,695,0.988156639,1.462493677,634,770,798,806,766,0.824139386,1.416608343,657,813,808,761,798,0.553700992,1.276810638,687,830,828,783,814,0.734802344,1.350905205,1
29,494,512,583,604,489,-0.38305999,-0.002553458,492,511,583,560,489,-0.286928685,-0.117748041,494,513,584,560,490,-0.162769934,-0.077488102,495,511,583,606,491,-0.040016501,0.037809693,495,512,584,580,491,-0.298402869,0.059645374,496,514,585,548,493,-0.291929373,0.197751099,496,514,586,596,493,-0.226531547,0.233173009,495,513,585,588,496,-0.343360583,0.289823027,498,513,585,544,496,-0.419207144,0.259847476,503,513,585,583,500,-0.383476741,0.541003835,504,513,585,600,500,-0.633582091,0.675477048,507,510,583,548,503,-0.761327329,1.002065491,510,512,584,566,500,-0.835622044,1.43756954,511,512,586,609,499,-1.636687266,1.792423998,513,513,585,565,498,1.205487641,1.738072364,513,516,588,562,495,0.857016301,1.569345076,509,515,588,610,487,1.320175023,1.669418438,507,517,587,585,489,0.561696165,1.456911871,507,518,589,552,490,0.378053284,1.363882242,508,518,585,598,489,0.462164204,1.3501911,1
30,493,518,589,603,489,-0.195427771,-0.004927727,493,515,588,556,488,-0.220738849,-0.033027532,494,516,590,570,490,-0.262609272,0.082605557,497,515,590,614,490,-0.493125713,0.263783386,497,517,591,572,488,-0.717814326,-0.00934607,498,515,591,562,490,-0.650505526,0.217024824,500,518,592,610,490,-0.265551223,0.334303416,502,519,591,592,488,-0.539576,0.406493791,505,519,590,552,489,-1.917589899,1.829021434,508,520,586,596,496,0.777821015,1.680842086,515,513,584,591,480,2.27305257,1.955914009,524,519,599,543,475,2.094251057,1.930053979,556,527,604,592,509,1.357923117,1.684430126,582,571,621,638,556,0.839777965,1.527708156,644,680,678,619,613,0.669846145,1.337032403,700,789,755,702,694,0.735772197,1.303130603,684,833,827,827,769,0.696161101,1.336511191,690,844,834,795,799,0.502407217,1.280485384,699,847,844,792,814,0.484252336,1.250746597,704,849,848,873,820,0.500086802,1.234742169,1
31,435,498,573,561,487,-0.328973276,-0.030811663,439,497,572,595,487,-0.367077085,0.032641092,439,497,574,541,487,-0.343068717,0.105081188,442,499,575,552,488,-0.403756916,0.183547931,445,497,576,605,490,-0.406820644,0.345361635,444,497,576,564,488,-0.42654726,0.392955805,446,501,577,541,489,-0.334234751,0.444040249,446,501,579,601,488,-0.315205962,0.652137951,451,502,578,581,490,-0.238903705,0.414054056,447,502,578,533,490,-0.122676694,0.447949286,451,504,580,590,492,-0.009285754,0.977027615,450,503,579,590,490,0.191227491,1.607764395,453,504,581,533,490,0.810055026,1.614034179,453,503,582,570,493,-0.281144296,1.56002613,453,505,581,606,491,0.275514939,1.57733285,455,506,580,547,491,1.005109901,1.723090035,455,507,582,559,492,1.943034896,1.824144199,455,509,580,618,492,0.707935361,1.611242942,455,505,581,571,492,0.676650359,1.569193573,456,509,582,547,493,0.776588748,1.53337358,1
32,505,528,598,572,494,-0.295718259,-0.039014031,502,529,598,618,495,-0.114964515,-0.103881763,502,529,597,595,494,-0.115497267,-0.084396602,502,530,598,561,495,-0.276712766,-0.007731734,502,530,599,609,495,-0.486811556,0.095061524,502,528,599,603,495,-0.481356269,0.14388515,504,530,598,560,497,-0.475840059,0.205305751,505,528,597,595,497,-0.491906617,0.289782535,515,524,591,609,497,-0.509437938,0.282227015,525,524,587,556,481,-0.394434283,0.464715338,525,531,595,575,491,-0.25646595,0.382933055,537,536,610,634,505,-0.217581283,0.513971336,564,550,624,598,549,-0.159519766,0.68927978,587,579,645,607,565,-0.638533679,1.528877163,607,629,672,690,614,2.751859147,1.888737087,654,702,729,711,676,2.467790729,1.933090471,679,768,784,707,750,2.471017213,1.87091975,662,817,817,817,797,2.468523651,1.909869748,689,836,821,820,811,0.601349853,1.560616092,691,842,834,762,820,0.813659145,1.560922732,1
33,492,519,589,605,493,-0.202413306,-0.059224825,492,520,589,592,495,-0.138060358,-0.044652304,494,521,591,549,495,0.046637679,-0.115194505,498,524,589,592,495,-0.159155274,-0.238076059,493,522,590,601,495,-0.17355622,-0.17442585,494,522,592,560,496,-0.288932846,0.115909864,495,522,593,575,498,-0.298013604,-0.122677574,495,522,593,616,497,-0.25681915,0.013135552,492,523,591,568,497,-0.244034662,0.111190047,500,522,594,571,498,-0.266272393,0.189779277,492,519,592,616,498,-0.220163453,0.705566912,510,510,589,583,491,-0.088022938,1.009670132,522,512,588,552,477,0.347333524,1.407479594,525,520,590,611,491,1.454862888,1.719627871,537,528,597,602,512,1.291518621,1.671457951,560,566,605,553,535,0.722572286,1.565208008,600,604,666,652,582,1.388267044,1.702702687,650,687,730,725,635,0.492987362,1.461877408,688,792,798,709,728,0.678219734,1.415947701,689,828,826,783,790,0.50322061,1.322576673,1
34,419,483,507,485,464,-0.28053733,-0.030171259,420,484,453,475,467,-0.3036132,-0.052868922,423,484,512,538,466,-0.105129424,-0.394646912,424,486,555,525,469,-0.122868341,-0.217598294,428,493,560,524,473,-0.228232937,-0.090503218,428,489,560,582,473,-0.456979858,-0.208536651,428,491,563,563,473,-0.527930474,0.229050267,433,494,564,523,474,-0.533008247,0.055876234,433,495,565,576,475,-0.559907154,0.180280995,445,495,564,571,475,-0.572986666,0.22551976,459,494,565,525,477,-0.518112751,0.294639022,481,502,568,558,482,-0.745383243,1.15033914,492,501,569,588,489,-0.921051084,1.494660356,506,515,573,540,491,-0.606556779,1.593711477,541,527,596,569,509,1.855255209,1.809049205,567,542,617,642,536,0.726485872,1.612599663,556,580,633,612,561,0.856282476,1.564340221,637,640,661,618,593,1.171471713,1.634591152,678,697,703,719,631,0.739491466,1.477476484,686,742,749,733,677,0.589460468,1.3144569,1
35,574,582,605,640,445,-0.08498504,-0.190337475,560,548,585,544,436,-0.319339802,0.173180528,507,508,555,549,429,-0.200811714,-0.078374247,454,495,547,588,433,-0.063954338,-0.098784372,449,481,549,524,447,-0.184391014,-0.072485358,443,480,542,523,452,-0.244618779,-0.194205783,432,475,532,562,458,-0.301634067,-0.199403772,420,470,540,536,463,-0.389986919,0.034309614,419,475,541,506,464,-0.386114243,0.04616891,416,474,542,564,467,-0.247175735,-0.187784682,416,477,547,551,469,-0.236995706,-0.039048507,418,479,530,489,471,-0.209754667,-0.132606451,420,484,555,545,474,-0.272529207,0.011132536,424,482,551,563,473,-0.528227888,-0.246137219,426,484,554,514,474,-0.601345992,0.234554021,427,484,555,539,476,-0.742856495,0.398601125,429,486,556,584,474,-0.73541304,0.493605385,431,488,557,533,477,-0.555907231,0.786407749,432,490,558,535,477,-0.597848847,1.251002323,436,491,559,581,482,-0.508703292,1.431979321,1
36,494,488,552,542,440,-0.300620697,0.357651249,475,483,549,519,446,-0.167693804,0.105419222,467,482,542,567,455,-0.234312014,0.058659457,466,478,547,551,452,-0.070921127,-0.05588517,457,485,552,512,454,-0.291627694,-0.096704421,451,486,557,564,456,-0.420066847,-0.077461274,442,489,557,567,458,-0.297327407,-0.173454199,437,494,559,519,460,-0.273528895,-0.041620251,440,495,565,551,466,-0.311679273,0.007458609,444,498,567,589,467,-0.517287788,0.019119652,450,497,564,535,464,-0.445494933,0.216705507,456,499,568,546,469,-0.497675157,0.244674095,457,498,572,596,468,-0.477211635,0.372165444,461,493,566,557,468,-0.616853886,0.885638214,469,501,572,537,474,-0.5428426,1.128297314,473,501,573,595,475,-0.342048453,1.354436221,479,500,572,577,476,0.052821061,1.591769957,483,500,572,531,476,0.237912662,1.401853774,494,500,572,581,480,0.374350913,1.403162581,504,503,573,584,480,0.299239902,1.320602098,1
37,461,473,550,553,442,0.143896593,-0.110764309,480,478,548,501,441,0.03309483,-0.215354758,511,479,552,567,437,-0.083268724,-0.079249896,535,483,552,565,441,-0.279048269,0.166849415,586,518,551,499,454,-0.180019915,0.028171349,638,567,588,571,481,-0.072745135,0.151584958,663,625,654,661,523,-0.07981746,0.521536098,720,707,724,652,590,-0.203950473,0.957860043,726,794,800,741,670,1.504095419,1.743512249,736,825,828,849,731,0.193518454,1.591359313,738,838,830,805,768,2.41509179,1.962629619,738,846,842,788,791,0.514783518,1.53827809,738,849,845,873,824,0.557226382,1.442229874,739,851,851,851,826,0.643169915,1.463528323,736,845,848,790,830,0.281166212,1.300478864,733,851,837,853,832,0.811874778,1.422240334,735,854,856,862,835,0.655037888,1.320029934,735,854,858,798,836,0.627908308,1.312570972,738,855,859,842,834,0.705073217,1.357153019,736,853,857,886,835,0.730720538,1.377391861,1
38,458,476,543,509,479,0.263116279,-0.344459999,481,480,557,585,487,0.052071794,-0.096349022,503,483,553,545,489,0.002785837,-0.094244193,542,496,570,522,504,0.031107691,-0.128300289,594,532,592,614,530,-0.088615659,0.244837079,644,593,619,621,589,-0.336753226,0.691039913,680,659,689,608,639,-0.442935401,1.044335971,720,755,772,742,710,0.250242691,1.441874066,729,819,826,816,776,0.230305826,1.506821222,730,837,830,770,815,1.078156056,1.632074425,729,843,849,817,822,1.467868539,1.70170648,731,847,853,887,827,1.298816916,1.668652028,729,848,856,816,830,1.073259908,1.593064429,730,848,856,823,825,0.944192462,1.50299398,729,850,852,891,827,0.854769005,1.491094421,727,851,848,844,825,0.647849951,1.341442385,725,851,847,796,826,0.746659609,1.321913341,724,853,850,872,823,0.772299905,1.305859465,720,850,849,855,820,0.83178043,1.337404435,719,853,844,785,821,0.736524111,1.313718058,1
39,415,465,541,565,481,0.221856368,-0.098393173,422,468,540,540,478,0.285520544,-0.343094826,426,468,525,488,477,0.268004304,-0.042414511,439,470,509,540,477,0.425087034,-0.286060281,457,474,539,543,477,0.304923467,0.00280959,489,489,556,505,493,0.035514691,0.052844742,551,530,572,565,535,-0.274339927,0.441171263,607,588,624,629,596,-0.867756034,1.178681553,626,674,695,627,637,-0.973269628,1.515288829,667,757,763,706,677,-0.812576174,1.489048515,684,792,796,808,706,0.832395479,1.759921512,706,799,799,759,710,1.086096784,1.684524805,715,807,812,763,713,0.915327051,1.575353306,715,825,820,852,723,0.869730071,1.525959035,714,824,826,824,736,0.646473787,1.388376908,713,831,832,769,748,0.655478085,1.360290109,711,833,835,854,760,0.628438702,1.331951678,708,835,839,846,765,0.678423039,1.321829921,705,834,846,782,773,0.721580736,1.33125939,699,837,848,836,779,0.759845038,1.364141828,1
40,416,464,535,497,414,0.134339472,0.050447256,430,455,528,555,430,-0.028252288,-0.191721883,434,459,522,534,434,-0.004985806,-0.000289647,445,455,516,474,440,0.072824332,-0.100901705,440,462,526,528,444,0.062569526,-0.142925596,423,461,530,552,443,-0.059706842,-0.220562621,420,463,533,490,446,0.205688183,-0.344696906,422,468,525,508,453,0.024451869,-0.090594878,427,472,526,565,453,0.190417501,-0.340381742,428,473,510,496,453,-0.152051731,0.567134815,433,475,521,491,456,-0.250677414,0.131196117,437,476,545,563,456,-0.47331319,0.480094356,440,476,537,538,456,-0.732328057,0.908201911,440,479,538,492,458,-1.966426922,1.880893639,442,478,539,558,459,-0.589151342,1.30481566,443,481,536,547,460,-0.125426162,1.328276726,445,481,526,483,462,0.756798623,1.549696057,448,494,545,537,463,0.314710981,1.310253305,447,483,546,568,463,0.259273176,1.374292918,448,482,545,507,465,0.259473004,1.420861087,1
41,428,486,555,549,469,-0.078390723,-0.053996878,431,486,553,599,460,-0.131658935,-0.049772706,439,481,552,505,469,-0.27488577,0.028609573,452,480,556,526,471,-0.309458957,-0.043988186,458,479,554,608,461,-0.411299471,0.898206775,467,483,555,538,468,-0.631549636,0.224962097,483,496,555,509,470,-0.385967828,0.426093986,499,503,556,599,468,-0.350400591,0.373021688,524,513,558,571,472,0.235228471,0.733872511,558,532,568,507,467,0.209445401,1.291926865,592,557,589,597,473,-0.528212093,1.518988915,618,600,607,620,473,-0.602679234,1.509600712,658,668,644,575,526,-0.243164108,1.417660558,697,735,703,668,588,-0.089898814,1.228458682,698,777,770,786,640,0.063927954,1.251994304,702,803,808,743,714,0.114318075,1.207432932,703,835,828,781,773,0.277314778,1.167347326,704,840,841,894,799,0.347589921,1.194040326,707,845,846,831,808,0.208919331,1.138463235,707,848,851,790,815,0.2865947,1.197519822,1
42,463,497,565,612,481,-0.444842352,0.360853283,463,497,565,530,481,-0.318061249,0.166558132,464,497,566,536,481,-0.118752175,0.05902268,464,498,566,616,484,-0.074208048,-0.036629736,464,498,565,561,481,-0.128237334,-0.089129997,464,500,566,519,484,-0.376027946,-0.049468661,465,502,567,603,483,-0.725219624,0.419446272,466,501,568,584,484,-0.594823014,-0.102369248,467,499,570,509,485,-0.58689054,0.175490186,471,497,572,577,485,-0.499037349,0.18842809,470,497,562,591,485,-2.062165552,1.948826574,472,498,563,516,484,-0.585090722,1.330723941,477,499,569,546,484,-1.566438587,1.763089025,478,497,569,605,469,-0.508470247,1.425444001,477,494,568,539,462,-0.702009072,1.568103507,477,501,568,538,466,-0.406761994,1.413537964,475,495,573,614,497,-0.335441972,1.398739525,496,510,575,580,543,-0.375466983,1.282536711,552,545,624,557,586,-0.325444227,1.254362344,580,666,630,633,613,-0.272424072,1.156080634,1
43,501,483,552,507,465,0.092187779,-0.371494369,497,483,553,582,469,0.099314414,-0.228342555,489,484,554,568,467,-0.334937225,-0.005644832,485,482,555,503,470,-0.297370591,-0.022788094,482,488,556,561,471,-0.270471306,-0.150492458,480,490,556,579,466,-0.342909044,-0.109028102,481,491,555,515,468,-0.715892998,-0.000627703,488,493,557,538,471,-0.824431216,0.176934638,493,496,558,600,473,-1.052201079,-0.196462056,498,494,558,533,473,-0.67487494,0.253973708,509,495,561,531,472,-1.476142546,1.127177929,515,497,562,612,476,-1.009124056,1.032332993,521,494,560,568,474,-0.897074707,1.308171028,534,495,563,513,475,-1.206821084,1.416604793,546,502,563,589,477,-0.854781032,1.352343296,538,508,566,579,478,-0.531755829,1.122974282,544,513,575,514,489,-0.464957247,1.125064947,570,529,597,586,518,-0.479508855,1.027199898,599,558,633,652,556,-0.502397612,1.050793189,651,624,659,586,601,-0.430576185,0.996354176,1
44,526,495,563,582,486,-0.021626093,-0.079033357,510,484,562,515,493,-0.343892357,0.057017464,496,490,558,541,482,-0.205126842,0.039538712,508,494,559,592,479,-0.342520446,0.113893863,512,495,560,536,478,-0.307826636,0.105891938,514,497,563,538,476,-0.14913263,-0.048361132,520,502,560,609,476,-0.012665679,-0.059023027,520,505,574,573,480,-0.15858572,-0.101260814,516,505,576,535,481,-0.398114148,0.071062651,508,502,578,600,479,-0.488328007,0.267484971,493,505,580,591,481,-0.497548968,-0.151660314,486,508,582,532,481,-0.339308135,0.089706459,480,508,581,585,481,-0.307740093,0.125854799,484,510,583,605,481,-0.16605962,0.858031157,484,511,583,540,480,-0.352125317,0.946846263,488,512,581,565,483,-0.614938547,1.223605098,491,513,569,613,484,-2.66480048,1.932823423,490,515,552,536,485,-0.427369804,1.574313085,496,516,592,554,485,-0.133992977,1.394707352,507,516,592,619,484,0.053894265,1.360852442,1
45,467,505,551,504,468,-0.224839957,-0.127387365,471,506,570,591,470,-0.262129428,-0.138430062,472,509,561,571,469,-0.270051195,-0.138093856,473,504,574,519,471,-0.392403562,0.034325788,481,506,535,562,474,-0.649523328,0.047360413,481,506,538,567,473,-0.746920662,0.332536607,484,505,543,498,469,-0.913535539,0.413481416,497,513,547,530,476,-0.977883889,0.591744577,508,517,574,599,475,-0.768322089,0.593129662,513,515,569,534,479,-1.09661024,1.434316048,536,525,588,551,497,-0.070459118,1.442322332,569,542,604,644,521,-0.716901234,1.642354489,601,581,630,612,551,-3.541367339,2.105469839,632,637,663,600,585,-0.205497371,1.582808173,655,703,697,722,631,0.176647732,1.562983602,675,756,692,703,684,0.482411398,1.512515212,687,798,784,684,734,0.259416699,1.335676526,661,816,803,798,771,0.148080229,1.250237154,667,825,816,835,789,0.160636097,1.239022463,672,829,832,758,801,0.225569098,1.160195781,1
46,540,562,624,565,510,-0.276072338,0.029687825,535,558,621,615,513,-0.439324871,0.051623183,533,561,621,649,511,-0.433123252,0.249756537,532,562,620,575,511,-0.555026631,0.19259069,532,563,621,594,509,-0.623998505,0.228304,521,564,622,662,512,-0.699258505,0.075316884,536,564,619,598,507,-0.623745246,0.104823097,542,568,621,582,506,-0.533417465,0.110013338,549,570,619,656,503,-0.533932573,-0.018112914,558,562,609,620,499,-0.84436194,0.523827976,572,556,607,556,493,-1.089108032,1.276386316,596,551,608,630,495,-0.947081404,1.201093168,612,549,613,631,506,-0.807297014,1.27160909,619,559,626,566,514,-0.420539069,1.292834278,628,576,638,628,544,-0.084279506,1.242174449,623,614,667,694,580,0.039254977,1.153626788,649,680,701,640,628,-0.007845807,1.117240138,683,736,749,701,692,-0.056542145,1.000179985,710,774,707,759,749,-0.0430464,0.921840028,692,800,762,711,786,-0.080283272,0.925950517,1
47,482,517,587,582,482,-0.461663122,0.151636609,482,515,583,611,480,-0.41460575,0.063191171,483,516,584,544,471,-0.474881275,0.120059605,487,517,563,545,470,-0.364809162,0.091349319,489,517,589,620,480,-0.348835288,0.129799723,490,515,583,566,480,-0.425880433,0.229986346,492,524,586,551,483,-0.309814533,-0.024433758,493,523,580,618,487,-0.07776325,-0.100490842,493,524,586,594,483,-0.253609254,-0.016371206,494,527,588,541,485,-0.690655913,0.247050566,490,531,590,607,485,-1.071633807,0.004176627,496,529,591,604,486,-0.664338287,0.494017596,497,530,590,542,485,-1.530919968,1.441741405,499,531,591,587,486,-0.765025656,1.234216457,498,532,593,619,488,-1.144414223,1.578892691,500,533,594,553,488,-0.882977717,1.548741649,500,534,594,569,489,-0.585344953,1.463473845,498,538,592,629,489,-0.251899484,1.350320444,501,534,594,572,489,-0.225781748,1.17741342,502,536,595,561,490,-0.181093477,1.25616309,1
48,542,488,543,511,450,-0.119901399,0.057248491,516,494,546,587,452,-0.066994167,0.218416771,519,493,552,544,454,-0.127948008,0.079200703,517,499,558,508,459,-0.356527758,0.02561209,516,503,563,586,460,-0.494442683,-0.094961628,507,508,570,577,462,-0.492950951,0.151517672,497,511,571,514,465,-0.097873676,-0.96051936,503,513,568,570,459,-0.137536285,0.116613455,506,518,571,599,459,-0.26344724,0.240095035,508,520,576,524,459,-0.388163434,0.152966347,512,522,578,555,468,-0.362157527,0.037059304,512,525,578,621,460,-0.137267449,-0.192243425,516,527,578,549,461,-0.155377244,-0.245733485,519,529,581,550,462,-0.795938897,-0.283477501,524,532,587,622,453,-0.818999295,0.553204542,521,531,583,577,460,-0.528212196,-0.184676344,525,534,585,539,466,-0.710457881,-0.04424498,528,535,586,609,464,-0.785715299,0.118184435,516,537,586,596,464,-0.954026959,0.434575396,501,538,590,536,470,-0.867657205,0.592366216,1
49,501,500,546,546,467,-0.374153076,0.148067329,498,503,567,503,463,-0.421729172,-0.14031613,478,511,578,587,463,-0.318298708,-0.262077124,471,513,581,592,467,-0.733645704,0.599613291,469,519,583,525,469,-3.323813548,2.896772272,470,522,593,577,474,-0.779784543,-0.598811506,472,522,590,621,474,-0.474633981,-0.011045235,475,526,584,545,472,-0.050534122,-0.026994867,479,526,596,566,472,-0.396170556,-0.232911662,482,530,598,637,474,-0.497161174,-0.006467375,478,532,597,583,474,-0.948783964,0.105012992,484,533,600,563,470,-0.697532133,0.192735888,550,533,601,627,464,-0.664284563,0.060924284,485,541,601,613,468,-0.974143046,0.545077486,486,543,603,555,479,-1.779074839,1.772020399,477,539,601,609,478,-1.109972048,1.163517547,481,539,601,613,482,-0.560463915,1.255259314,485,541,603,560,480,-0.445755532,1.408997784,492,535,607,594,484,-0.223341299,1.362923704,496,547,608,633,482,-0.177875099,1.249858183,0
50,487,529,549,593,489,-0.407963009,0.017790822,485,528,564,557,489,-0.27793926,-0.227888575,489,531,561,524,489,-0.159242851,-0.254355186,492,532,581,597,489,-0.310156107,-0.059980614,492,532,584,591,489,-0.217248031,-0.170247252,494,525,589,540,491,-0.228136158,-0.177997572,502,538,590,592,492,-0.391976038,-0.162950658,495,538,598,613,490,-0.567157477,-0.014682979,495,537,600,557,491,-0.807820177,-0.070889267,496,540,597,583,495,-0.937376409,0.360575279,496,541,604,631,491,-1.646463933,1.264184692,498,541,604,577,491,-2.487610008,2.299196636,501,543,606,580,493,-1.244986351,1.620239184,513,548,610,639,490,-1.051526843,1.678955667,516,544,562,578,491,-0.275034695,1.660754732,525,545,606,563,491,-0.228375752,1.524041882,533,542,605,625,492,-0.250651163,1.359149059,546,535,600,607,497,-0.204167794,1.53148835,566,527,596,550,495,-0.36591992,1.476892704,576,533,603,608,509,-0.483650029,1.38591414,0
51,364,453,577,593,555,0.938206353,0.073847102,388,468,600,574,570,0.760994896,0.261704835,432,503,641,594,582,0.72652435,0.373546646,503,550,688,693,605,0.470638224,0.586205073,603,645,751,726,628,0.098236643,0.634430898,673,753,809,735,650,-0.187443285,0.590310073,717,813,835,826,664,-0.36393996,0.543346365,728,832,844,841,682,-0.443787986,0.55065179,732,843,845,798,697,-0.401918883,0.59835985,732,842,851,840,721,-0.346661303,0.545193469,734,844,851,877,739,-0.205767934,0.367029154,735,847,850,812,754,-0.009178389,0.375538765,736,845,855,831,773,0.286810527,0.155146716,739,846,857,890,789,0.569053534,0.062480624,735,845,857,837,796,0.400457847,-0.108357081,736,845,857,825,802,0.567439843,-0.325252174,737,846,859,891,804,0.432130101,-0.355302705,736,845,859,861,811,0.755803851,-0.146300817,736,846,856,815,813,0.88248461,-0.270725728,735,844,859,874,815,1.122153053,-0.233289031,0
52,734,847,859,869,826,-0.610157453,0.408615581,733,845,858,869,826,-0.37314218,0.225929419,736,845,859,814,827,-0.193953212,0.155178253,731,843,859,848,828,-0.018641431,-0.061522058,730,839,858,883,828,0.122511648,-0.090065848,726,834,859,824,828,0.248122936,-0.311282323,722,804,859,833,829,0.290036262,-0.193836123,704,736,861,888,828,0.609314579,-0.307770065,675,687,856,840,828,0.767551166,-0.288883076,647,639,855,820,829,1.183228068,-0.230256122,624,596,849,880,828,1.165112717,-0.138107649,580,563,830,842,829,1.205799312,-0.285702418,426,519,777,755,826,1.03968497,0.034472643,386,488,704,749,822,1.134569998,0.30717769,354,469,650,692,816,1.243290981,0.564430822,344,457,607,591,801,1.043404285,0.373706947,344,457,573,590,776,0.895160751,0.560900949,339,453,544,583,727,0.67857476,0.576556326,333,443,517,492,592,-0.11653701,0.666629214,330,435,499,489,527,-0.550161211,0.553712787,0
53,723,818,834,782,684,0.923911509,-0.292044242,728,828,839,846,689,0.879387853,-0.240655483,731,834,844,851,698,0.583274045,-0.08319951,733,838,849,800,710,0.158297799,-0.00485782,735,840,849,838,724,0.12375921,0.186730427,735,843,849,875,737,0.033585745,0.385381572,735,842,852,815,748,-0.025211065,0.479233964,737,843,854,829,758,-0.042481812,0.500986279,737,846,854,890,776,-0.139993296,0.338212726,737,844,856,842,821,-0.361914324,0.529434135,737,844,857,824,828,-0.457113315,0.446247408,737,842,858,885,830,-0.454666731,0.525438123,737,842,858,863,832,-0.389825401,0.34663308,737,841,801,775,835,-0.213121636,0.287495713,732,837,809,826,836,0.044116392,0.154656239,722,817,858,853,834,0.139176927,0.127187149,710,757,861,806,836,0.277597441,-0.190122459,701,670,859,848,834,0.500764535,-0.256283343,688,624,859,879,833,0.988323235,-0.999615859,672,595,858,819,831,1.333888388,-1.065289568,0
54,326,433,457,446,437,-0.176850278,0.438528979,324,428,507,477,436,-0.207500748,0.33618199,332,425,510,535,419,-0.31979671,0.246794316,325,421,507,496,429,0.033257787,1.011612258,327,427,507,478,439,0.095865322,-0.046779198,329,430,513,539,443,0.27939826,0.028275906,331,430,515,521,452,0.57987202,-0.224891421,336,434,525,484,465,1.01994002,-0.525842741,345,440,532,545,499,0.986105012,-0.451612516,348,450,548,557,527,1.085699204,-0.646474446,392,480,578,526,579,1.101771955,-0.644470783,501,539,583,576,633,1.254131527,-0.835633108,626,667,650,654,681,1.081461783,-0.682910133,715,801,718,653,702,1.249322095,-0.630750138,727,833,805,739,711,1.184197305,-0.365680455,732,838,841,843,718,0.975449119,-0.323595953,737,842,842,816,718,1.119470215,-0.218251817,737,842,847,805,718,0.933476139,0.132031977,738,845,850,873,715,0.36338591,0.377955297,737,846,852,850,713,0.167261869,0.607023948,0
55,671,784,787,804,586,0.775274859,0.749176905,704,800,807,781,629,0.536780503,0.800328065,719,817,825,780,657,0.197680838,0.477529862,723,826,835,852,673,-0.490494625,0.329209674,725,832,843,839,687,-0.716116765,0.346327822,726,834,847,800,702,-0.929175089,0.397740393,727,835,850,859,717,-0.834972967,0.309917215,727,836,851,861,730,-0.69100301,0.288381028,723,835,856,811,748,-0.338804533,0.193124503,725,829,856,847,757,-0.001665468,0.154799662,723,819,859,882,764,0.495046264,-0.13881361,717,803,860,822,776,1.0784207,-0.027418217,704,759,859,836,785,1.128106002,-0.259965029,609,673,859,893,795,1.135094549,-0.392849845,511,618,858,843,812,1.197287992,-0.58326045,453,569,856,825,817,1.131915768,-0.667897244,406,548,812,856,814,1.400869021,-0.637319437,364,519,688,742,817,1.443599118,-0.563655571,347,492,618,621,810,1.400598514,-0.606445958,345,465,575,622,790,1.245305153,-0.158147441,0
56,694,798,822,778,658,1.194920825,-0.691052801,714,818,818,835,670,1.25962744,-0.599523651,720,828,806,813,681,1.165109487,-0.467799453,726,833,815,769,686,1.078259381,-0.435272827,727,836,817,826,691,1.082097812,-0.293765428,727,836,832,837,698,1.001054387,-0.243373715,728,835,833,786,702,0.915736143,-0.113673384,728,837,846,826,707,0.919542658,-0.188832428,726,837,840,867,710,0.944066583,-0.127921254,727,834,839,806,712,1.029368936,-0.157586497,726,836,841,816,711,1.06045396,-0.05337285,725,836,840,870,712,0.81613805,0.275251369,724,835,840,827,710,0.591182938,0.22015843,724,836,839,801,713,0.319815719,0.267412354,724,834,839,862,714,0.268672733,0.343807161,721,835,839,843,713,0.300181661,0.357512236,721,836,840,794,713,0.397325642,0.320539652,722,836,840,849,712,0.446623597,0.315911618,723,836,840,853,710,0.469331351,0.301530543,723,837,840,794,710,0.550418405,0.295231617,0
57,714,835,819,784,735,0.473056451,0.286491319,715,833,827,850,739,0.40444801,0.255809565,714,833,829,825,735,0.368184711,0.260177556,713,833,831,786,735,0.413036581,0.292319353,714,834,832,847,735,0.53995015,0.227919554,712,833,833,840,734,0.65443749,0.119989315,713,833,833,787,734,0.714548535,0.076054926,713,835,834,832,735,0.844844126,0.00488024,713,833,835,853,735,0.995613552,-0.10918007,714,834,836,795,737,1.044770884,-0.274088052,713,834,834,816,736,1.084642707,-0.379770435,713,834,836,867,736,0.967006134,-0.266080098,713,833,836,810,737,0.945294746,-0.188910242,713,834,835,807,736,0.954551722,-0.158184399,714,834,835,864,732,0.984766055,-0.149110511,714,834,837,831,737,0.990661428,-0.181544703,715,834,836,793,738,0.967386789,-0.140714519,714,835,837,854,737,0.963426139,-0.147972304,712,834,836,843,738,1.001348689,-0.1796129,715,834,836,790,741,1.052995419,-0.241884604,0
58,389,458,514,474,779,0.12629636,0.223292632,396,462,520,531,776,0.184189108,0.224686322,397,465,519,535,779,0.198138307,0.181391717,399,466,522,478,780,0.236136509,0.182457079,399,469,526,513,782,0.243314506,0.163861618,400,470,523,551,782,0.14406486,0.185622223,402,470,524,497,782,0.105396717,0.433740181,403,472,526,508,783,0.416179618,0.246875514,406,474,519,559,784,0.351809462,0.245301808,406,472,526,519,784,0.197319097,0.124402575,407,476,527,497,785,0.352392655,0.218448442,408,477,528,554,784,0.549738357,0.134299042,408,478,530,535,784,0.635017781,0.150694793,409,478,530,491,785,0.795019875,0.131243014,412,481,535,544,786,0.94380869,0.313385663,415,483,536,546,781,0.92611838,0.05879083,424,483,542,501,750,0.860196,-0.209161371,442,511,557,538,689,1.038357095,-0.146867479,479,549,544,563,627,0.794740097,-0.21408388,553,606,586,536,588,0.72106602,-0.204332811,0
59,664,739,735,730,669,0.618826646,0.014554693,507,572,621,648,558,0.515519026,0.019255609,425,513,570,636,494,0.635427955,0.003782692,388,469,539,545,461,0.467546473,0.069962435,365,445,524,511,450,0.407467911,0.021429133,357,438,515,559,462,0.487480951,0.096173421,353,429,486,506,455,0.533769274,0.108450717,357,426,507,464,439,0.594291148,0.120240322,355,424,491,504,457,0.632309964,0.093877822,354,422,507,512,454,0.597163434,0.013632211,355,421,505,461,458,0.597598639,0.062232727,354,418,505,504,461,0.715590435,0.373439854,356,417,482,509,460,0.789465808,0.052139519,356,418,501,464,461,0.677770496,0.095645383,360,416,500,483,463,0.725782164,0.101843932,366,416,498,531,461,0.77106238,0.069194035,363,419,497,481,460,0.781855596,0.088167791,367,419,495,473,462,0.796137448,0.113874864,368,423,494,530,470,1.163093449,0.64268092,368,422,497,504,460,0.787408749,0.124267958,0
60,728,850,856,850,822,0.460946274,0.220443619,729,850,856,813,823,0.463185363,0.218051912,731,850,858,873,818,0.350827618,0.342692909,729,852,856,861,806,0.05497628,0.351992842,726,850,858,810,796,-0.082073797,0.228628383,730,851,858,857,789,-0.028958404,0.165217276,729,849,857,875,804,0.015240555,0.140619911,729,851,857,817,807,0.160718318,0.075955197,730,848,855,837,804,0.277754182,0.226135486,729,848,856,888,823,0.354119863,0.204876022,730,848,857,831,826,0.392401588,-0.101014064,730,848,854,826,826,0.456013954,-0.155320893,730,848,854,884,825,0.56594531,-0.237242367,729,847,853,852,825,0.509389176,-0.253690715,729,846,852,810,824,0.466871419,-0.213644433,729,846,852,870,831,0.420684288,-0.162220042,729,847,852,861,827,0.399312369,-0.177559085,729,846,853,806,828,0.258708238,-0.072738601,728,846,852,850,828,0.273813306,-0.109674525,728,845,851,870,828,0.301125928,-0.063955221,0
61,650,719,834,858,727,0.254849317,0.2347635,664,752,835,800,630,0.16094574,0.19111968,673,782,836,804,615,-0.10551855,0.185312919,677,793,830,857,582,-0.270097737,0.45205054,681,795,822,816,554,-0.512643384,0.598837028,682,796,802,769,517,0.138798926,0.380443221,683,794,782,808,485,0.39347188,0.415702908,682,784,763,772,458,0.660507086,0.016328113,687,781,755,714,437,0.497070342,0.28785585,683,774,748,752,425,0.318004063,0.294099803,682,765,745,754,417,0.316970368,0.138579443,680,756,744,700,416,0.215638444,0.085909753,679,750,736,722,408,0.027820713,0.113223365,679,750,737,758,410,-0.183452706,0.127117912,681,758,739,711,411,-0.220256287,0.033837276,681,762,740,716,412,-0.033670964,-0.004503376,675,754,735,760,412,0.414197351,-0.053550618,672,744,735,728,413,0.745385524,-0.060839269,674,745,739,704,417,0.973514004,-0.228050671,673,742,742,753,415,0.896052965,-0.2688965,0
62,708,844,848,855,751,0.854390198,0.039052851,707,845,849,858,756,0.878143872,0.186736344,708,845,850,805,760,0.639598817,0.324917216,710,845,851,836,763,0.316295233,0.498005414,713,846,851,875,765,-0.131110017,0.44889202,712,846,850,817,768,-0.271010267,0.370134417,712,847,850,824,770,-0.274981129,0.284257409,711,848,850,881,773,-0.224280895,0.094541383,718,847,852,837,773,0.026618623,0.464696806,719,849,849,812,778,-0.070012425,0.369564506,720,848,849,876,782,0.094543792,0.306990103,721,843,851,855,786,0.205084887,0.407424824,721,842,851,805,790,0.248449285,0.478530726,720,831,853,860,793,0.323196537,0.459267838,713,793,848,858,798,0.438890163,0.342247203,705,712,847,802,800,0.192655062,0.366240494,659,652,847,835,807,0.182787107,0.147384246,590,595,847,869,804,0.252501598,0.164991375,545,539,836,806,803,0.231746644,0.255783249,523,529,833,810,795,0.107789425,0.365520531,0
63,373,451,517,481,449,0.52504979,0.052453048,375,451,517,512,450,0.633711988,-0.045122496,376,452,520,538,451,0.747146992,-0.160775341,379,454,519,491,450,0.655617631,-0.155386146,381,457,524,506,452,1.043185839,0.131963941,382,460,532,557,457,1.133270449,0.153114052,384,460,532,516,455,1.623500155,0.843118677,386,461,542,514,470,1.529044388,0.117063629,387,467,551,567,479,1.867357076,2.270769952,391,478,562,559,511,1.761656836,1.354884234,396,481,578,533,534,1.746614878,1.578071327,409,482,602,608,565,1.272731416,0.855577038,431,492,632,632,607,0.291632964,0.398971826,487,522,672,616,645,-0.590284045,0.47841618,586,616,734,705,692,-0.657857652,0.368206261,648,713,788,787,731,-0.645576705,0.412413076,682,783,820,763,751,-0.459079828,0.52159404,702,813,829,795,760,-0.319346411,0.296499484,709,824,832,861,766,-0.308690318,0.413430863,712,830,837,813,770,-0.280538154,0.155994794,0
64,678,729,761,739,511,0.402164895,-0.182454311,695,776,805,734,499,0.02310348,0.161341872,699,801,830,804,509,0.050066466,0.034459489,706,813,838,844,526,0.037666883,-0.046952514,711,819,836,799,564,0.011403446,-0.172268466,716,821,833,816,615,0.077950369,-0.073362621,720,821,849,876,684,0.064320111,-0.096824797,721,812,844,826,693,0.04443997,-0.165139925,721,806,845,814,687,-0.136099788,0.208761932,719,803,843,870,707,-0.702275872,0.30196969,718,797,844,846,719,-0.961962694,0.439009392,718,801,843,800,730,-1.067079633,0.596784345,720,802,846,860,738,-1.263543901,0.94574702,722,806,846,853,745,-1.342183572,1.06651841,727,812,847,803,751,-1.488760688,1.292237178,730,816,841,838,758,-1.726753705,1.686501069,731,818,833,858,739,-1.42206448,0.996965873,732,824,828,792,700,-1.439453302,1.131024607,730,828,813,798,708,-1.320672929,0.90603747,732,831,807,838,672,-1.167491738,0.709683228,0
65,518,602,758,804,720,0.354401971,-0.086308138,487,578,781,797,758,1.302727536,-0.998673337,474,548,703,691,777,1.941842728,-2.248850552,484,544,646,683,753,1.971772208,-2.751129518,500,550,681,704,693,1.653706389,-0.990606795,507,590,707,661,633,1.760465965,-1.564401322,542,627,716,686,615,1.826504678,-1.951213487,579,686,740,755,602,1.71826407,-1.175207522,630,757,754,724,615,1.341198984,-0.691356736,671,803,811,756,631,1.371224645,-0.532947578,686,814,825,836,638,1.426475355,-0.715343384,688,809,831,822,636,0.751570597,-0.315911536,686,803,830,782,645,0.448995193,-0.27089978,686,800,829,842,652,0.462753317,0.01806896,685,792,838,841,650,0.377700887,-0.063299338,679,774,835,790,649,-0.201567245,0.482013475,673,753,828,823,636,-0.565083664,0.562754545,657,727,817,842,616,-0.738125607,0.283495306,622,684,781,757,594,-0.641171853,0.230894997,576,636,745,740,575,-0.643157354,0.292750143,0
66,598,693,783,750,520,1.311477644,-0.944245511,489,584,726,767,493,1.365556778,-0.774567261,424,520,646,684,462,1.5734937,-0.805510539,386,475,568,566,443,1.513614285,-0.888490362,372,448,539,575,434,1.30665315,-0.777746049,371,449,538,564,439,1.047751953,-0.478361584,373,451,533,501,441,1.748807049,1.271043413,367,442,524,520,443,1.676082229,-1.298895167,365,439,521,553,443,0.831516831,-0.633231379,363,437,519,495,447,0.519110775,-0.339070628,363,438,516,498,448,0.519354173,0.467482258,364,430,512,550,453,0.229007289,0.025063948,362,433,514,508,452,0.145897851,0.045371831,365,435,516,487,450,0.173633081,1.122378106,369,436,530,544,469,0.078656608,0.404478906,370,438,522,530,502,-0.084419658,0.382960848,380,445,527,490,540,-0.150623275,0.323763143,384,471,537,551,577,-0.096010922,0.088374589,434,511,582,590,649,-0.129304933,0.101168336,573,613,650,592,712,-0.074320707,-0.019015665,0
67,527,475,530,494,469,1.559509518,-0.020153138,520,472,530,530,462,1.299428273,-0.324957989,509,466,525,549,458,1.067820602,-0.478198854,488,454,521,492,452,1.07909095,-0.451529724,473,452,520,506,451,0.590435235,-0.184913257,461,443,527,556,450,1.542830585,0.087052711,449,445,522,508,449,1.041980267,-0.448491098,444,447,524,500,449,1.109560431,-0.210497862,443,449,524,545,451,1.391858852,-0.417922724,438,451,524,525,454,1.823742269,1.921211692,436,456,526,485,454,0.760379282,-0.432261069,434,459,525,542,460,0.757109404,-0.316234485,436,460,528,538,464,0.852558158,-0.164960458,437,464,531,492,475,0.594190418,-0.253257058,453,466,538,535,492,0.780888764,0.578380424,458,478,570,586,534,0.190250916,0.28877345,492,502,632,577,583,1.26479874,1.121340603,557,573,723,668,671,0.99167391,0.912380538,663,753,810,804,703,0.967774003,0.551827506,721,822,789,766,731,0.389495781,0.410686383,0
68,352,424,506,513,434,0.276900156,-0.358001674,359,423,502,522,432,0.248503232,-0.213590654,367,430,505,471,442,0.619480983,-0.443227313,377,434,508,494,444,0.552086687,-0.92945684,383,436,514,543,448,0.745998262,-0.328840329,390,443,523,499,479,0.726161194,-0.330787493,392,456,536,512,504,0.794861848,-0.385855838,407,475,562,588,532,0.688780944,-0.336386923,506,532,635,609,600,0.4709249,-0.15334278,664,649,720,649,691,0.314793593,0.129625582,716,768,817,794,717,0.092465936,0.473283712,727,817,848,825,725,0.006382885,0.673344267,735,836,851,793,728,0.298558081,0.668296082,739,845,853,846,734,0.222553857,0.860187701,738,847,854,867,726,0.034719917,0.678238608,739,848,853,810,720,-0.1245876,0.474431588,739,849,853,834,717,-0.175351612,0.52601127,739,850,855,882,711,-0.107160128,0.430001252,739,847,854,828,701,-0.053848673,0.384561927,739,848,857,828,700,0.037703566,0.40120832,0
69,677,772,800,754,722,0.534488618,1.215881113,679,780,807,824,734,1.114163423,1.451712666,683,785,793,796,742,1.060807695,1.359836509,688,794,810,759,745,1.085657062,1.41655109,689,800,809,814,746,0.826751898,1.324925047,693,804,810,815,744,0.95070094,1.426427224,694,808,811,764,746,0.679893973,1.375654644,693,812,809,795,748,0.623774979,1.398634817,691,813,809,829,751,0.652985026,1.43450869,689,814,806,774,751,1.023814431,1.53744256,688,815,805,780,752,1.154442046,1.610730943,689,814,805,833,753,1.39711615,1.669773741,689,815,803,791,754,2.353036694,2.256251517,689,818,808,772,756,2.243556836,2.053449142,690,818,809,830,758,1.865757681,1.862027543,688,818,810,814,759,0.427770629,0.826755425,688,818,806,761,757,1.16662233,1.756774118,688,817,806,811,757,-0.393863377,1.148248001,688,816,801,813,756,-0.357586258,1.253071304,689,816,803,760,754,-0.435263695,1.105291076,0
70,361,460,523,508,473,-0.199155061,0.180643653,359,464,541,514,492,-0.108189346,0.235009687,363,479,563,583,526,-0.25993656,0.172664861,391,499,592,587,599,-0.174546363,0.361181423,450,538,680,613,677,0.64372308,0.991854042,614,606,722,712,695,1.177063625,1.285561293,636,688,811,781,726,2.102814457,2.071272312,688,744,820,762,751,2.404880759,2.161560773,700,784,831,818,779,2.238013837,1.983213335,706,812,841,856,794,1.672028676,1.727448763,706,823,845,804,798,1.125074647,1.062338451,709,829,846,822,803,0.520704556,0.449773821,710,835,848,878,805,0.474069395,0.319864644,711,835,848,829,803,0.473561751,0.226174012,712,840,850,817,806,0.35440716,0.261502609,713,842,852,875,806,0.386472729,0.318200271,716,842,852,852,808,0.34281668,0.261725084,716,843,851,805,809,0.453688013,0.262784255,717,843,850,862,809,0.513627181,0.40163253,717,843,849,855,809,0.401761979,0.003568668,0
71,348,426,488,499,437,0.451554222,-0.222377197,352,432,494,456,441,0.327229678,-0.274468842,353,429,493,482,448,0.346536452,-0.372235032,354,428,497,518,450,0.332259373,-0.179553261,354,431,498,474,456,0.212462264,-0.205419097,355,432,500,480,461,0.194885465,-0.106927156,355,435,488,529,464,0.140178852,-0.217228449,356,435,487,492,498,0.227127646,-0.02845484,355,436,497,473,576,0.539152144,-0.185247816,352,438,515,530,541,0.511355257,-0.103283258,349,445,519,523,545,0.223993953,-0.108597967,351,451,531,493,655,-0.175920262,0.006659529,375,485,566,564,692,-0.157108686,0.127329896,433,515,621,616,723,1.322954613,1.6519468,560,562,712,636,726,2.902269249,3.176086381,680,632,788,731,717,1.983902404,-2.387014722,695,688,812,815,723,1.57894752,-0.871173589,708,753,817,776,727,1.474466015,-0.819337618,730,817,830,797,737,1.327355167,-0.56609326,730,839,839,861,749,1.184223632,-0.471079402,0
72,731,846,804,799,705,1.288454668,-1.037663358,728,838,807,846,711,0.752440714,-0.747178099,727,821,813,793,727,0.283965002,-0.608510723,725,804,813,785,753,-0.179086767,-0.120265054,725,795,817,847,765,-0.632215887,0.608732424,725,785,817,822,770,-1.026582114,0.841190586,724,784,814,771,780,-1.075317517,0.700449245,724,790,775,805,785,-1.216764189,0.990326241,724,801,817,819,792,-1.265355845,0.930686231,726,820,822,773,799,-1.039131711,0.627443032,727,830,838,827,805,-1.029107932,0.737585815,726,834,841,860,810,-0.357674542,0.112274031,725,837,837,803,809,0.74638007,-0.59413372,724,841,820,807,807,0.926392391,-0.643682255,723,842,819,852,796,0.942740078,-0.599919727,721,843,802,795,783,1.115136089,-0.76356227,723,844,814,783,773,1.051987085,-0.671215535,723,845,803,827,764,0.82588301,-0.539958525,722,847,804,806,761,0.637101298,-0.512883737,722,849,798,756,754,0.528120993,-0.450410863,0
73,698,844,814,777,743,1.190625387,0.132134223,685,839,842,856,744,1.080430757,0.623807011,665,834,835,836,742,1.421075463,1.48552808,652,829,822,778,742,2.183041303,2.001561227,645,825,822,822,744,2.417499487,2.104855548,642,822,813,821,745,2.644318777,2.239708054,641,820,812,771,745,2.765140748,2.317632371,638,819,811,797,747,-3.017840336,2.53307392,638,813,806,829,745,-0.941284868,-1.149259671,637,810,805,776,748,-0.224120595,-0.738833861,637,810,806,784,752,0.08159198,-0.457414831,638,812,812,833,757,0.318261114,-0.461853429,640,811,815,801,761,0.296161513,-0.520533682,644,812,815,781,764,0.106019415,-0.468906573,647,815,817,831,766,0.188368668,-0.511028039,653,818,821,822,770,0.513089026,-0.522696537,659,821,826,783,770,0.569833748,-0.201331028,672,828,832,831,773,0.83722413,1.119133189,687,831,838,842,778,-0.311806569,1.148380198,698,832,840,797,782,-0.861600478,1.503263267,0
74,715,843,841,870,830,1.126524733,-0.679919518,717,844,852,843,827,1.47321802,-0.830321371,716,847,844,803,827,1.56313182,-0.925664687,716,846,845,859,828,1.384055223,-0.665787347,718,847,844,847,827,1.29627203,-0.54959079,722,848,846,800,826,1.011080805,-0.285157298,721,848,848,842,826,0.4490019,-0.028849809,722,849,847,860,825,0.025741934,0.120328601,722,851,851,804,826,-0.238096768,0.242786665,723,849,848,825,826,-0.334268862,0.352759738,723,849,848,875,821,-0.348681272,0.416901793,722,848,847,821,821,-0.191269429,0.346338211,724,849,848,820,818,0.038401229,0.348995549,722,848,837,881,817,0.384340946,-0.142989702,721,848,847,844,813,0.384516971,-0.174778995,721,847,850,808,816,0.72208416,-0.235083134,720,846,850,864,802,1.082036703,-0.178187222,719,840,848,852,790,1.167867586,0.048130912,718,833,845,801,787,1.050809874,0.059915878,718,828,848,842,784,0.994036934,-0.07966932,0
75,352,430,510,477,433,1.392332283,-1.134098684,350,428,518,528,441,1.210792898,-1.004094771,353,428,521,523,447,1.037586753,-0.90349101,357,430,526,489,452,1.005709357,-0.872152135,361,435,525,524,456,0.787211289,-0.65530605,365,435,528,542,457,1.227248404,-0.744591308,367,436,529,496,459,1.28276236,-0.971012935,369,440,531,513,461,1.35836263,-1.202972879,377,441,530,555,461,1.167105825,-0.927503421,374,440,533,514,463,1.329088037,-0.878315165,374,444,535,511,464,1.250889492,-0.453423572,378,445,536,557,465,0.72668655,0.892549384,379,447,539,536,468,1.084169281,1.046947633,385,456,544,507,481,1.0067649,0.98445546,402,463,557,562,501,1.071223876,0.959429632,431,480,564,567,527,1.034027603,0.824443716,485,527,592,538,542,1.252532165,1.095801463,633,636,678,644,631,1.035023632,1.052963631,694,769,709,714,706,0.66264636,0.725546201,708,808,778,711,739,0.423088674,0.499304175,0
76,711,845,831,798,780,0.754317954,0.222150307,710,845,828,854,781,0.797039672,0.362988619,709,845,821,827,783,0.782090815,0.36390548,709,845,790,759,783,0.971936457,0.544678331,709,845,790,807,782,1.26694155,0.974242075,708,846,795,804,783,1.316211974,0.828772047,711,846,797,750,782,1.325772128,0.87015095,707,844,801,791,781,1.356196876,0.764301716,703,842,797,819,774,1.265222927,0.792229135,695,836,796,760,765,1.162585339,0.524532922,682,816,803,774,749,1.183741451,0.550935815,665,799,770,801,709,1.19448046,0.555608999,638,718,754,737,632,1.233913754,0.489794235,618,660,719,696,593,1.207649927,0.390300987,595,619,702,725,555,1.161179053,0.387119234,564,597,653,670,541,1.131690183,0.437879221,534,573,630,603,520,1.233249227,0.546727587,513,562,611,634,505,1.273131502,0.611721868,486,543,595,612,486,1.264409199,0.667865202,456,518,571,544,475,1.302306996,0.700073018,0
77,389,476,541,513,485,0.793731633,0.310341535,394,477,543,525,487,1.963411136,2.116274375,398,478,543,570,478,1.189626039,0.320292569,405,478,542,532,486,1.069476486,0.198289585,413,485,550,522,492,1.046384318,0.145885609,440,504,565,584,489,1.092035429,0.234086198,496,569,624,610,564,1.017588269,0.295744179,612,704,649,599,656,1.117724815,0.345017927,682,799,786,751,717,1.115710699,0.384608522,702,818,827,804,757,1.109055335,0.307807467,708,832,836,777,782,1.16668819,0.385645086,715,839,844,826,802,1.165514385,0.459056022,718,843,846,865,813,1.193961862,0.513555211,715,845,848,812,821,1.288824214,0.627013522,691,848,849,824,825,1.308332981,0.677468435,720,845,849,883,828,1.265105064,0.56097426,723,847,849,835,829,1.401694011,0.69281694,724,849,849,814,830,1.334203031,0.555741573,725,846,849,874,830,1.33351393,0.547552212,725,849,846,852,831,1.258597838,0.407510222,0
78,649,708,784,771,704,1.200561578,0.396722727,622,685,766,738,673,1.227770678,0.390481846,597,660,743,779,636,1.326186031,0.498855581,566,632,714,729,610,1.232206718,0.218698474,543,611,687,656,580,1.218639836,0.139510636,521,589,652,683,549,1.099039805,0.384290452,498,569,630,651,527,0.963684226,0.390653298,479,549,609,578,504,0.870893279,0.394534185,463,537,591,599,497,0.753970414,0.382324791,444,519,584,615,486,0.475347921,0.412293788,426,503,571,546,472,0.323283906,0.366989839,407,487,555,544,463,0.082981839,0.37062768,394,475,545,584,451,-0.045599432,0.49263624,383,470,537,527,423,-0.060700116,0.499714493,375,465,526,502,432,-0.593205864,0.518082562,367,460,529,557,427,-0.91910184,0.639261377,363,458,529,531,422,-1.019907193,0.554978053,358,452,529,490,429,-1.068323872,0.670313611,354,449,518,536,428,-1.150235047,0.910619611,352,442,521,531,430,-0.998768434,0.760435947,0
79,726,816,830,862,779,-0.74075769,0.316071864,725,815,830,810,776,-0.763629536,0.393752644,725,812,829,798,770,-0.710702261,0.127723033,720,807,825,851,752,-0.649548643,0.200811966,710,792,819,822,742,-0.398849241,-0.122241316,694,773,813,770,719,-0.295657834,-0.133406265,674,750,800,814,680,0.544539157,-0.183838294,643,719,775,790,638,1.131871992,-0.177978005,604,687,754,718,613,0.778636637,-0.185761203,559,653,722,730,587,0.75752277,-0.096681258,515,613,681,721,558,0.823868179,-0.022625671,482,581,652,633,528,1.002714295,-0.018327302,453,553,624,619,502,1.139976157,-0.000876763,419,517,596,639,476,1.166276179,0.091227171,395,484,564,561,450,1.155766916,0.06776977,384,466,548,532,441,1.226540805,0.107757235,374,446,533,564,433,1.365883036,0.08227829,370,436,524,531,431,1.801219112,1.812398026,361,431,516,482,420,1.681451182,0.838896531,352,423,512,527,419,1.786991836,1.687241121,0
80,591,656,823,819,614,0.358220731,0.224551811,539,607,818,781,655,0.434174158,0.184615492,497,577,791,825,679,0.511133136,0.20166469,473,557,740,769,694,0.527611162,0.26600104,462,545,645,644,700,0.5321344,0.259506522,465,536,649,673,695,0.555310157,0.274029271,478,545,610,647,666,0.561428651,0.394592663,492,561,620,585,640,0.174124035,0.354702405,510,577,620,605,602,0.034275465,0.352929122,536,601,626,655,566,0.202703167,0.312401062,555,624,636,606,547,0.448882703,0.318875156,558,642,645,616,540,0.773503794,0.375547858,556,648,651,676,533,0.957944388,0.244545681,551,649,650,644,529,1.044127143,0.160016035,527,626,638,604,521,1.077541925,0.149927561,502,600,621,651,511,1.041761548,0.089523932,471,570,599,614,493,0.794462397,0.048216537,448,543,555,529,484,0.739028123,-0.014647908,432,527,576,582,476,0.743715019,-0.093927766,415,510,566,584,466,0.703374671,-0.145189522,0
81,528,524,546,586,424,0.429581481,0.465497448,487,500,531,545,419,0.482852789,0.430564027,448,478,520,489,418,0.416169474,0.614200534,422,461,511,533,412,0.352616604,0.536838945,402,448,507,521,399,0.297785763,0.532641533,389,443,504,464,399,0.212663216,0.541601985,382,442,507,502,405,0.101986831,0.430360799,372,440,506,529,414,0.161108201,0.416672166,367,438,503,473,416,0.198357964,0.404342372,367,437,503,487,416,0.223140881,0.36353232,368,434,504,536,417,0.253232451,0.348674434,369,435,501,488,417,0.237353265,0.356859343,372,439,503,480,418,0.162064837,0.382721561,377,443,511,530,419,0.144719469,0.418957911,380,444,509,510,420,0.387989504,0.452211105,381,446,490,461,418,0.430935467,0.377555142,380,444,488,503,415,0.654333934,0.3958896,379,445,508,508,418,0.595275969,0.299095415,377,446,497,462,419,0.615039115,0.340118642,380,451,517,506,422,0.645383936,0.313528186,0
82,368,439,523,513,418,1.135298463,0.294755777,356,436,520,545,420,1.156496436,0.213490933,361,438,515,497,427,1.139136512,0.229692491,367,440,523,502,435,1.000442466,0.197309559,374,445,526,545,437,1.011227423,0.148992959,369,440,527,521,444,0.970991749,0.113084626,372,445,529,500,446,1.022498838,0.077422589,371,448,528,545,449,1.000144787,0.039694132,370,449,533,532,449,1.006735867,-0.010282552,367,448,527,496,451,0.9965131,0.02129736,365,450,526,532,450,0.995935883,-0.008943953,365,450,530,538,455,0.988812097,0.019009379,362,453,529,498,456,0.91526665,0.163989163,361,454,529,517,457,0.905371537,0.181846539,361,454,529,550,458,1.19680427,0.658323444,359,456,530,510,459,1.102358439,0.514564908,359,459,532,514,461,1.090436916,0.367334208,358,460,533,554,464,1.003335862,0.370650027,360,460,533,528,463,0.888528466,0.312950631,358,460,535,507,466,0.834219664,0.412702154,0
83,379,486,565,528,513,0.814858475,0.307997112,380,485,568,560,516,0.796076168,0.386486833,378,487,568,589,514,0.620305596,0.231579405,376,487,565,538,513,0.615558417,0.4834562,373,487,570,550,513,0.491326219,0.27697517,370,489,574,599,509,0.574377868,0.618636828,363,486,575,559,510,0.89729826,0.352783862,368,483,576,546,511,0.94810529,0.423544925,370,484,577,596,511,1.047414877,0.308556691,374,484,579,578,515,1.162304317,0.381593671,384,492,579,540,514,1.259777768,0.416158261,384,497,580,588,508,1.37598081,0.75110335,391,503,576,582,510,1.453521909,0.993011941,396,501,579,539,513,1.530986688,1.157946595,381,488,578,568,518,1.659857827,1.485298492,406,495,579,599,519,1.546172329,0.980786545,464,532,599,562,563,1.785977133,1.702045747,532,607,643,618,641,1.574007762,0.127286929,660,745,761,753,713,1.578822326,-0.327627177,707,817,827,774,730,1.535960482,-0.205279902,0
84,463,576,850,871,536,1.560259707,1.715183255,462,579,848,826,537,2.218273029,2.040025489,465,579,849,820,539,2.387449907,2.17828553,467,579,848,867,540,2.130707355,2.098610004,466,580,847,845,540,2.02281339,2.182759665,464,578,847,809,542,3.297460617,2.456287784,463,576,848,856,543,-1.935492946,2.143552573,462,578,846,851,547,-1.022077753,1.127930472,459,573,846,802,550,2.902135567,2.384192348,463,573,846,835,548,-1.392786208,1.397058095,461,572,847,857,549,-1.680963791,1.739917292,460,568,846,810,550,-1.734167829,1.776241707,457,562,847,827,549,-1.443511721,1.545670407,456,555,846,866,551,-1.397628292,1.432268637,448,560,847,822,554,-1.370793901,1.377446871,448,557,848,821,556,-1.270464186,1.401585925,447,550,851,868,553,-0.999451715,1.488665023,445,544,850,845,544,-0.614975376,1.558295196,437,545,851,813,537,1.481537639,1.732576294,434,543,851,856,530,2.00871936,1.967866224,0
85,475,568,843,809,551,2.232442928,2.819556037,475,567,842,824,553,2.23683511,2.850401008,474,567,843,858,555,2.039645075,2.335057292,477,565,843,819,557,1.801672621,1.806857186,475,568,844,818,560,-2.61300423,-3.518240413,479,569,842,858,564,1.78844128,1.621899392,481,570,845,835,564,-2.17258904,2.143094787,482,572,846,812,564,-2.368047701,1.97051263,484,573,849,855,564,-1.094353077,1.268962156,483,575,846,844,564,-1.619430743,1.693041488,481,574,849,802,563,-1.0657913,1.351091886,480,574,854,843,562,-1.728403899,1.714249182,481,572,850,855,562,-1.557159071,1.119898193,472,570,851,816,557,-1.492681896,1.020311903,460,567,853,832,545,-1.400952582,1.096616722,443,557,853,870,540,-1.319208925,1.320147208,446,564,853,829,552,-1.200575181,1.554721346,452,570,855,829,555,3.095171417,2.343290363,445,563,853,870,542,2.70034016,2.991118615,440,557,854,846,544,2.395918004,3.19789454,0
86,467,565,841,851,556,-1.044970762,0.794333171,467,565,829,800,551,-0.866371425,0.949790619,470,565,816,804,552,-0.818146196,1.418501607,476,566,808,832,557,1.203806209,1.70102574,485,567,804,785,559,1.931870351,1.872776093,495,571,800,778,558,1.698656588,1.69933953,504,579,795,818,546,2.100907533,2.106541505,510,584,789,790,572,1.755230859,1.759965877,515,587,787,756,576,1.309072303,1.452702125,514,591,784,797,580,0.66768251,1.011193791,532,596,781,787,584,0.442809679,0.776023774,546,600,786,746,586,0.581162154,0.670391566,553,604,782,779,593,1.427599064,1.010731245,556,609,775,792,599,1.638375764,1.229009451,562,616,784,748,608,1.54100189,0.635791034,568,624,789,769,616,1.611234506,-0.884508866,580,636,799,813,619,1.735262542,-1.61962302,597,653,800,770,626,1.417314198,-1.224242212,615,678,806,777,637,1.214495571,-0.909170846,627,697,796,820,659,1.225032553,-0.873805545,0
87,653,679,737,735,718,1.404725426,0.376014008,714,802,803,750,780,1.268532794,0.547638999,710,830,839,787,793,1.188764536,0.542892936,720,839,843,853,798,1.023259584,0.29040475,726,843,848,838,800,0.69524765,0.305515031,725,845,850,807,804,0.463932069,0.281514402,734,846,853,861,808,0.150584927,0.193871702,735,846,853,855,811,0.147416949,0.134244554,735,847,851,810,810,0.306505826,0.247798446,735,848,854,848,811,0.383451109,0.335187967,735,850,852,871,810,0.232454136,0.271191645,735,850,853,814,811,0.202298015,0.143417772,732,851,854,834,811,0.242848875,0.224936105,728,850,855,879,808,0.661462956,0.353044947,722,847,853,829,807,0.462826921,0.304597437,708,839,854,827,806,0.507678104,0.317954183,704,826,853,876,806,0.536109726,0.341179836,651,776,848,846,803,0.441046647,0.349558764,632,698,819,787,779,0.441976618,0.36653533,611,646,766,798,711,0.386868684,0.208832924,0
88,731,850,802,822,835,1.154486942,0.790154765,732,848,790,755,838,1.24782285,0.690759566,733,846,798,791,839,1.261830186,0.215887522,729,841,840,840,837,1.157461274,-0.165664426,729,835,839,794,839,1.110958143,-0.26634598,729,830,836,813,839,1.015470381,-0.341547625,726,814,826,855,837,0.906703329,-0.269419311,724,784,796,782,833,0.829216457,-0.421050456,717,749,733,729,798,0.861467089,-0.429052445,692,719,699,743,672,1.001765761,-0.229831598,670,697,675,687,622,0.869932612,-0.223881254,650,666,653,623,594,0.759489371,-0.228382736,626,635,638,660,569,0.792668757,-0.225725406,590,603,621,634,539,0.668024694,-0.113648643,564,585,608,573,517,0.692787529,-0.242661896,531,557,585,593,498,0.702099318,-0.117646782,490,524,572,596,480,0.747603651,-0.214823589,460,503,559,529,466,0.822843832,-0.303568157,436,483,544,535,453,0.95732099,-0.296049649,416,467,530,566,445,0.936827723,-0.387458757,0
89,470,529,848,863,514,-1.774352913,1.795672907,471,526,851,845,530,-0.751885288,0.636036098,461,524,852,810,519,-0.267975649,1.452682991,454,523,854,857,519,-0.543772609,0.952273037,456,523,854,854,518,-0.304100571,0.82020395,462,524,853,813,519,-0.569151089,0.647550426,462,525,854,845,516,-0.958818234,0.425417798,462,522,854,864,518,-1.036554339,0.480573591,455,521,853,816,520,-0.972114777,0.771499831,454,521,854,831,518,-0.800401925,0.960031446,456,521,853,877,519,-0.24151708,1.500539493,459,521,854,831,514,2.251580633,1.904091488,460,522,854,825,519,2.239794492,2.244717606,462,522,852,872,519,2.751920861,2.950870719,463,523,855,850,517,1.893215698,2.067053718,467,524,853,813,522,2.219178345,2.795992015,472,525,853,861,531,1.973596202,2.362249649,486,524,851,854,531,1.69546482,1.244278706,501,528,850,810,540,1.97120916,3.345935755,512,534,848,841,548,2.530787743,3.229383112,0
90,713,835,836,791,747,1.397667286,-0.290715764,713,831,839,832,688,1.359482607,-0.424705014,712,831,847,855,687,1.303162842,-0.524778018,710,825,841,799,663,1.344929465,-0.73109616,709,822,848,824,642,1.154748148,-0.855478609,702,804,846,870,618,1.253637504,-0.967041645,660,746,841,812,586,1.38258364,-1.089318093,597,691,798,780,556,1.345293053,-0.997736731,567,644,791,818,535,1.24922391,-0.918291314,547,616,799,789,505,1.306108232,-0.957482591,531,591,752,736,488,1.333728718,-1.00981807,514,570,785,795,471,1.388358824,-0.968234978,503,548,724,748,464,1.475016309,-1.010176671,495,521,665,659,465,1.419235387,-0.763290632,493,517,737,726,471,1.403489482,0.417263932,483,514,751,752,468,0.693770057,0.44104834,476,522,768,720,476,0.103169577,0.534672652,473,508,767,745,484,-0.193719693,0.66287124,478,511,789,800,486,-0.265827973,0.579097846,486,512,790,760,490,-0.028931986,0.758123099,0
91,642,533,589,560,811,0.323009212,0.075125042,652,534,598,621,808,0.713553895,0.60149212,660,538,605,608,801,1.373962815,1.238389917,663,544,610,569,802,1.581465737,1.607885247,665,549,615,621,799,1.524556098,1.540789464,668,552,614,624,802,1.027264584,0.241277561,665,552,613,572,805,0.430860646,0.09899349,666,552,619,604,808,-0.174180151,0.53112373,665,553,612,638,809,-0.442435623,0.585806358,665,556,616,588,811,-0.356549063,0.556937619,665,559,619,598,813,1.033418554,1.437238945,668,559,623,648,815,1.961558076,1.948846135,671,568,625,615,816,1.736960734,1.696848761,675,571,631,598,818,1.851024495,3.030615894,678,573,640,658,816,1.792048549,1.64915499,676,577,648,648,823,1.110358705,0.23575667,677,581,667,620,815,-0.210108748,0.281040356,676,589,687,686,799,-0.273175637,0.446451636,676,611,710,704,754,0.87142266,0.62682713,678,636,741,681,686,1.386149963,0.784827778,0
92,639,569,844,839,570,1.523268588,1.391741391,640,567,845,804,578,1.968796265,2.209974759,641,568,845,855,594,1.829149804,1.834970376,640,566,846,847,620,0.987076487,0.474281733,637,567,846,808,643,0.645041555,0.145736161,641,568,845,842,645,0.408839688,0.262288788,640,568,847,855,642,-0.149051967,0.680444712,640,570,847,812,641,-0.184693015,0.705454511,641,571,846,830,643,0.663636211,1.107562393,642,571,848,864,638,2.290267155,2.444292027,644,571,851,830,634,2.722230389,3.355069368,643,572,852,824,626,2.709783132,3.146845595,633,571,853,867,625,1.801584281,2.01459693,637,568,851,845,618,-0.187211423,-0.277247534,637,568,851,816,624,-0.528937775,0.153979565,629,565,840,857,630,-0.167783073,0.61301899,617,565,851,853,655,-0.003601468,0.310152339,617,565,849,809,664,0.205416435,0.173142433,608,565,846,841,653,0.513036455,0.510454111,589,565,841,855,635,0.269160077,0.522373842,0
93,723,831,833,833,812,2.202989905,2.168335762,724,832,834,789,812,1.344690139,0.91041227,725,833,835,833,805,0.255173315,0.292839747,722,829,832,840,790,0.605479696,0.095639999,720,821,828,784,771,0.910797766,-0.049169003,704,787,798,784,731,0.960273249,-0.102862932,642,706,765,794,673,0.796771549,-0.280809209,586,660,726,709,629,0.801365396,-0.146599301,552,628,705,688,607,1.014715784,0.012953143,517,591,673,697,552,0.906313351,0.175005072,484,557,631,634,533,1.065489222,0.083103285,464,538,613,587,548,0.975468782,0.026381316,441,519,605,625,557,1.033034305,0.147683069,420,502,590,593,535,1.311260453,0.73178778,417,495,573,535,515,1.513298909,0.945273864,417,504,574,574,498,1.367864151,0.453272227,411,502,565,572,483,1.297987699,0.187321173,407,504,566,528,473,1.181658777,-0.096698451,400,501,566,555,470,1.120925496,-0.154933166,394,498,565,583,464,1.376408776,-0.193094628,0
94,447,490,544,570,474,0.90871985,-0.984067746,448,490,543,535,470,0.364684673,-0.550808437,450,492,545,518,471,0.076718715,-0.209232664,452,492,547,565,471,-0.013228604,0.168266044,452,493,545,547,471,-0.054319625,0.290080005,456,493,546,511,471,-0.186640792,0.20449404,456,494,549,557,471,-0.14591501,0.260370271,456,494,546,556,472,0.037664679,0.289799897,456,496,546,512,466,0.251819234,0.36894516,459,495,547,541,474,0.49929654,0.509090803,457,495,547,569,472,0.657129321,0.574439709,457,495,548,521,475,0.897716114,0.639097548,455,496,549,531,475,1.163480183,0.702794587,458,495,548,578,478,1.262964574,0.763657492,457,495,548,538,474,1.184908508,0.693209136,457,495,548,521,476,1.167398511,0.334718353,457,495,550,571,477,1.29406952,0.876047951,458,496,548,552,476,1.192424263,1.484421156,463,497,550,515,476,1.367890835,1.682654773,461,496,550,561,477,0.361614886,0.701928333,0
95,709,844,843,809,815,0.388005081,0.059261654,709,845,843,821,815,0.299600969,0.057842863,708,845,843,870,814,0.296048043,0.059571027,708,843,842,827,814,0.358386341,0.088981861,709,844,842,810,813,0.310893806,0.061551225,708,843,842,864,813,0.326518605,0.057417109,709,843,842,840,813,0.320748431,0.120774261,708,844,843,799,813,0.302746759,0.188233777,707,843,839,852,813,0.179802051,0.222468116,708,845,839,845,812,0.152424029,0.194495087,708,844,841,797,813,0.237812249,0.039824361,708,843,838,828,812,0.339743788,-0.046130165,708,843,839,857,811,0.180272771,-0.192131215,709,842,837,803,811,0.333351191,-0.251797206,708,842,839,815,811,0.078379644,-0.098152958,708,842,840,866,810,0.35678223,-0.311712878,707,842,838,822,812,0.348571734,-0.20742091,709,842,838,805,810,0.263319196,-0.189441607,708,842,838,859,810,0.2280464,-0.183623244,708,840,837,836,809,0.246705946,-0.197127715,0
